timestamp,x,y,z,qx,qy,qz,qw
19.993000000 -1.999955 -0.500000 0.008718 0.000010 0.000776 0.000545 1.000000
20.27000000 -1.999955 -0.500000 0.008717 0.000007 0.000777 0.000546 1.000000
20.61000000 -1.999955 -0.500000 0.008717 0.000009 0.000776 0.000547 1.000000
20.95000000 -1.999955 -0.500000 0.008727 0.000010 0.000778 0.000548 1.000000
20.129000000 -1.999955 -0.500000 0.008721 0.000010 0.000777 0.000549 1.000000
20.163000000 -1.999955 -0.500000 0.008719 0.000008 0.000776 0.000550 1.000000
20.197000000 -1.999955 -0.500000 0.008718 0.000008 0.000776 0.000551 1.000000
20.231000000 -1.999955 -0.500000 0.008722 0.000008 0.000778 0.000552 1.000000
20.265000000 -1.999955 -0.500000 0.008726 0.000009 0.000778 0.000553 1.000000
20.299000000 -1.999955 -0.500000 0.008726 0.000009 0.000777 0.000553 1.000000
20.333000000 -1.999955 -0.500000 0.008723 0.000010 0.000777 0.000554 1.000000
20.367000000 -1.999955 -0.500000 0.008716 0.000011 0.000776 0.000555 1.000000
20.401000000 -1.999954 -0.500000 0.008721 0.000008 0.000777 0.000556 1.000000
20.435000000 -1.999954 -0.500000 0.008723 0.000006 0.000778 0.000557 1.000000
20.469000000 -1.999954 -0.500000 0.008724 0.000008 0.000779 0.000558 1.000000
20.503000000 -1.999954 -0.500000 0.008726 0.000009 0.000778 0.000559 1.000000
20.537000000 -1.999954 -0.500000 0.008724 0.000010 0.000777 0.000560 1.000000
20.571000000 -1.999954 -0.500000 0.008721 0.000008 0.000776 0.000561 1.000000
20.605000000 -1.999954 -0.500000 0.008718 0.000007 0.000777 0.000562 1.000000
20.639000000 -1.999954 -0.500000 0.008716 0.000009 0.000776 0.000563 1.000000
20.673000000 -1.999954 -0.500000 0.008727 0.000010 0.000779 0.000564 1.000000
20.707000000 -1.999954 -0.500000 0.008728 0.000009 0.000779 0.000565 1.000000
20.741000000 -1.999954 -0.500000 0.008719 0.000008 0.000776 0.000566 1.000000
20.775000000 -1.999954 -0.500000 0.008719 0.000008 0.000776 0.000567 1.000000
20.809000000 -1.999954 -0.500000 0.008722 0.000008 0.000778 0.000568 1.000000
20.843000000 -1.999954 -0.500000 0.008724 0.000008 0.000779 0.000569 1.000000
20.877000000 -1.999954 -0.500000 0.008727 0.000009 0.000778 0.000570 1.000000
20.911000000 -1.999954 -0.500000 0.008726 0.000010 0.000778 0.000570 1.000000
20.945000000 -1.999954 -0.500000 0.008718 0.000010 0.000776 0.000571 1.000000
20.979000000 -1.999954 -0.500000 0.008716 0.000006 0.000777 0.000572 1.000000
21.13000000 -1.999954 -0.500000 0.008717 0.000005 0.000776 0.000573 1.000000
21.47000000 -1.999953 -0.500000 0.008725 0.000008 0.000778 0.000574 1.000000
21.81000000 -1.999953 -0.500000 0.008726 0.000010 0.000778 0.000575 1.000000
21.115000000 -1.999953 -0.500000 0.008724 0.000011 0.000777 0.000576 1.000000
21.149000000 -1.999953 -0.500000 0.008723 0.000007 0.000777 0.000577 1.000000
21.183000000 -1.999953 -0.500000 0.008721 0.000007 0.000776 0.000578 1.000000
21.217000000 -1.999953 -0.500000 0.008716 0.000008 0.000776 0.000579 1.000000
21.251000000 -1.999953 -0.500000 0.008720 0.000011 0.000777 0.000580 1.000000
21.285000000 -1.999953 -0.500000 0.008727 0.000012 0.000779 0.000581 1.000000
21.319000000 -1.999953 -0.500000 0.008727 0.000009 0.000779 0.000582 1.000000
21.353000000 -1.999953 -0.500000 0.008725 0.000008 0.000777 0.000583 1.000000
21.387000000 -1.999953 -0.500000 0.008721 0.000007 0.000776 0.000584 1.000000
21.421000000 -1.999953 -0.500000 0.008719 0.000008 0.000775 0.000585 1.000000
21.455000000 -1.999953 -0.500000 0.008716 0.000007 0.000777 0.000586 1.000000
21.489000000 -1.999953 -0.500000 0.008717 0.000008 0.000777 0.000586 1.000000
21.523000000 -1.999953 -0.500000 0.008722 0.000009 0.000778 0.000587 1.000000
21.557000000 -1.999953 -0.500000 0.008724 0.000008 0.000780 0.000588 1.000000
21.591000000 -1.999953 -0.500000 0.008726 0.000008 0.000779 0.000589 1.000000
21.625000000 -1.999953 -0.500000 0.008724 0.000009 0.000777 0.000590 1.000000
21.659000000 -1.999953 -0.500000 0.008723 0.000010 0.000776 0.000591 1.000000
21.693000000 -1.999953 -0.500000 0.008717 0.000011 0.000776 0.000592 1.000000
21.727000000 -1.999952 -0.500000 0.008723 0.000008 0.000778 0.000593 1.000000
21.761000000 -1.999952 -0.500000 0.008725 0.000005 0.000779 0.000594 1.000000
21.795000000 -1.999952 -0.500000 0.008728 0.000009 0.000779 0.000595 1.000000
21.829000000 -1.999952 -0.500000 0.008722 0.000011 0.000776 0.000596 1.000000
21.863000000 -1.999952 -0.500000 0.008719 0.000008 0.000775 0.000597 1.000000
21.897000000 -1.999952 -0.500000 0.008719 0.000007 0.000777 0.000598 1.000000
21.931000000 -1.999952 -0.500000 0.008721 0.000007 0.000778 0.000599 1.000000
21.965000000 -1.999952 -0.500000 0.008724 0.000008 0.000778 0.000600 1.000000
21.999000000 -1.999952 -0.500000 0.008727 0.000010 0.000776 0.000601 1.000000
22.33000000 -1.999952 -0.500000 0.008717 0.000009 0.000776 0.000602 1.000000
22.67000000 -1.999952 -0.500000 0.008716 0.000008 0.000778 0.000602 1.000000
22.101000000 -1.999952 -0.500000 0.008723 0.000007 0.000778 0.000603 1.000000
22.135000000 -1.999952 -0.500000 0.008728 0.000007 0.000779 0.000604 1.000000
22.169000000 -1.999952 -0.500000 0.008727 0.000008 0.000777 0.000605 1.000000
22.203000000 -1.999952 -0.500000 0.008721 0.000010 0.000776 0.000606 1.000000
22.237000000 -1.999952 -0.500000 0.008718 0.000011 0.000777 0.000607 1.000000
22.271000000 -1.999952 -0.500000 0.008719 0.000006 0.000778 0.000608 1.000000
22.305000000 -1.999952 -0.500000 0.008721 0.000004 0.000778 0.000609 1.000000
22.339000000 -1.999952 -0.500000 0.008723 0.000009 0.000777 0.000610 1.000000
22.373000000 -1.999951 -0.500000 0.008728 0.000012 0.000778 0.000611 1.000000
22.407000000 -1.999951 -0.500000 0.008727 0.000010 0.000777 0.000612 1.000000
22.441000000 -1.999951 -0.500000 0.008721 0.000005 0.000778 0.000613 1.000000
22.475000000 -1.999951 -0.500000 0.008719 0.000004 0.000777 0.000614 1.000000
22.509000000 -1.999951 -0.500000 0.008719 0.000010 0.000775 0.000615 1.000000
22.543000000 -1.999951 -0.500000 0.008717 0.000010 0.000777 0.000616 1.000000
22.577000000 -1.999951 -0.500000 0.008721 0.000008 0.000778 0.000617 1.000000
22.611000000 -1.999951 -0.500000 0.008728 0.000008 0.000777 0.000618 1.000000
22.645000000 -1.999951 -0.500000 0.008726 0.000007 0.000776 0.000618 1.000000
22.679000000 -1.999951 -0.500000 0.008719 0.000009 0.000776 0.000619 1.000000
22.713000000 -1.999951 -0.500000 0.008720 0.000009 0.000777 0.000620 1.000000
22.747000000 -1.999951 -0.500000 0.008719 0.000005 0.000776 0.000621 1.000000
22.781000000 -1.999951 -0.500000 0.008718 0.000006 0.000777 0.000622 1.000000
22.815000000 -1.999951 -0.500000 0.008716 0.000010 0.000777 0.000623 1.000000
22.849000000 -1.999951 -0.500000 0.008719 0.000011 0.000777 0.000624 1.000000
22.883000000 -1.999951 -0.500000 0.008719 0.000007 0.000776 0.000625 1.000000
22.917000000 -1.999951 -0.500000 0.008719 0.000006 0.000777 0.000626 1.000000
22.951000000 -1.999951 -0.500000 0.008721 0.000010 0.000777 0.000627 1.000000
22.985000000 -1.999951 -0.500000 0.008718 0.000006 0.000777 0.000628 1.000000
23.19000000 -1.999951 -0.500000 0.008723 0.000007 0.000778 0.000629 0.999999
23.53000000 -1.999950 -0.500000 0.008727 0.000009 0.000779 0.000630 0.999999
23.87000000 -1.999950 -0.500000 0.008725 0.000010 0.000777 0.000631 0.999999
23.121000000 -1.999950 -0.500000 0.008721 0.000010 0.000776 0.000632 0.999999
23.155000000 -1.999950 -0.500000 0.008719 0.000010 0.000778 0.000633 0.999999
23.189000000 -1.999950 -0.500000 0.008721 0.000008 0.000778 0.000634 0.999999
23.223000000 -1.999950 -0.500000 0.008726 0.000008 0.000777 0.000634 0.999999
23.257000000 -1.999950 -0.500000 0.008728 0.000009 0.000778 0.000635 0.999999
23.291000000 -1.999950 -0.500000 0.008717 0.000011 0.000777 0.000636 0.999999
23.325000000 -1.999950 -0.500000 0.008719 0.000007 0.000777 0.000637 0.999999
23.359000000 -1.999950 -0.500000 0.008722 0.000003 0.000776 0.000638 0.999999
23.393000000 -1.999950 -0.500000 0.008721 0.000008 0.000776 0.000639 0.999999
23.427000000 -1.999950 -0.500000 0.008717 0.000011 0.000777 0.000640 0.999999
23.461000000 -1.999950 -0.500000 0.008718 0.000008 0.000778 0.000641 0.999999
23.495000000 -1.999950 -0.500000 0.008725 0.000005 0.000778 0.000642 0.999999
23.529000000 -1.999950 -0.500000 0.008726 0.000005 0.000778 0.000643 0.999999
23.563000000 -1.999950 -0.500000 0.008726 0.000012 0.000779 0.000644 0.999999
23.597000000 -1.999950 -0.500000 0.008726 0.000008 0.000778 0.000645 0.999999
23.631000000 -1.999950 -0.500000 0.008728 0.000008 0.000778 0.000646 0.999999
23.665000000 -1.999950 -0.500000 0.008728 0.000011 0.000779 0.000647 0.999999
23.699000000 -1.999950 -0.500000 0.008720 0.000011 0.000777 0.000648 0.999999
23.733000000 -1.999949 -0.500000 0.008716 0.000006 0.000776 0.000649 0.999999
23.767000000 -1.999949 -0.500000 0.008719 0.000005 0.000776 0.000650 0.999999
23.801000000 -1.999949 -0.500000 0.008719 0.000007 0.000778 0.000651 0.999999
23.835000000 -1.999949 -0.500000 0.008721 0.000011 0.000778 0.000651 0.999999
23.869000000 -1.999949 -0.500000 0.008727 0.000011 0.000778 0.000652 0.999999
23.903000000 -1.999949 -0.500000 0.008726 0.000009 0.000777 0.000653 0.999999
23.937000000 -1.999949 -0.500000 0.008723 0.000008 0.000776 0.000654 0.999999
23.971000000 -1.999949 -0.500000 0.008717 0.000009 0.000776 0.000655 0.999999
24.5000000 -1.999949 -0.500000 0.008719 0.000009 0.000777 0.000656 0.999999
24.39000000 -1.999949 -0.500000 0.008718 0.000005 0.000776 0.000657 0.999999
24.73000000 -1.999949 -0.500000 0.008717 0.000006 0.000777 0.000658 0.999999
24.107000000 -1.999949 -0.500000 0.008716 0.000010 0.000777 0.000659 0.999999
24.141000000 -1.999949 -0.500000 0.008723 0.000010 0.000778 0.000660 0.999999
24.175000000 -1.999949 -0.500000 0.008726 0.000008 0.000779 0.000661 0.999999
24.209000000 -1.999949 -0.500000 0.008728 0.000008 0.000778 0.000662 0.999999
24.243000000 -1.999949 -0.500000 0.008719 0.000008 0.000775 0.000663 0.999999
24.277000000 -1.999949 -0.500000 0.008718 0.000008 0.000776 0.000664 0.999999
24.311000000 -1.999949 -0.500000 0.008722 0.000008 0.000779 0.000665 0.999999
24.345000000 -1.999948 -0.500000 0.008724 0.000009 0.000779 0.000666 0.999999
24.379000000 -1.999948 -0.500000 0.008726 0.000010 0.000778 0.000667 0.999999
24.413000000 -1.999948 -0.500000 0.008724 0.000009 0.000776 0.000668 0.999999
24.447000000 -1.999948 -0.500000 0.008717 0.000009 0.000775 0.000668 0.999999
24.481000000 -1.999948 -0.500000 0.008727 0.000007 0.000778 0.000669 0.999999
24.515000000 -1.999948 -0.500000 0.008726 0.000007 0.000780 0.000670 0.999999
24.549000000 -1.999948 -0.500000 0.008728 0.000009 0.000779 0.000671 0.999999
24.583000000 -1.999948 -0.500000 0.008719 0.000010 0.000776 0.000672 0.999999
24.617000000 -1.999948 -0.500000 0.008721 0.000010 0.000777 0.000673 0.999999
24.651000000 -1.999948 -0.500000 0.008721 0.000004 0.000776 0.000674 0.999999
24.685000000 -1.999948 -0.500000 0.008720 0.000007 0.000777 0.000675 0.999999
24.719000000 -1.999948 -0.500000 0.008716 0.000010 0.000776 0.000676 0.999999
24.753000000 -1.999948 -0.500000 0.008719 0.000009 0.000777 0.000677 0.999999
24.787000000 -1.999948 -0.500000 0.008722 0.000008 0.000778 0.000678 0.999999
24.821000000 -1.999948 -0.500000 0.008724 0.000009 0.000779 0.000679 0.999999
24.855000000 -1.999948 -0.500000 0.008724 0.000009 0.000777 0.000680 0.999999
24.889000000 -1.999948 -0.500000 0.008723 0.000010 0.000777 0.000681 0.999999
24.923000000 -1.999948 -0.500000 0.008717 0.000010 0.000777 0.000682 0.999999
24.957000000 -1.999948 -0.500000 0.008718 0.000009 0.000777 0.000683 0.999999
24.991000000 -1.999948 -0.500000 0.008728 0.000008 0.000778 0.000684 0.999999
25.25000000 -1.999948 -0.500000 0.008726 0.000007 0.000778 0.000684 0.999999
25.59000000 -1.999947 -0.500000 0.008717 0.000007 0.000777 0.000685 0.999999
25.93000000 -1.999947 -0.500000 0.008717 0.000008 0.000777 0.000686 0.999999
25.127000000 -1.999947 -0.500000 0.008722 0.000009 0.000778 0.000687 0.999999
25.161000000 -1.999947 -0.500000 0.008724 0.000010 0.000779 0.000688 0.999999
25.195000000 -1.999947 -0.500000 0.008727 0.000009 0.000777 0.000689 0.999999
25.229000000 -1.999947 -0.500000 0.008726 0.000007 0.000778 0.000690 0.999999
25.263000000 -1.999947 -0.500000 0.008726 0.000009 0.000777 0.000691 0.999999
25.297000000 -1.999947 -0.500000 0.008717 0.000010 0.000776 0.000692 0.999999
25.331000000 -1.999947 -0.500000 0.008722 0.000009 0.000778 0.000693 0.999999
25.365000000 -1.999947 -0.500000 0.008726 0.000008 0.000779 0.000694 0.999999
25.399000000 -1.999947 -0.500000 0.008728 0.000009 0.000778 0.000695 0.999999
25.433000000 -1.999947 -0.500000 0.008721 0.000011 0.000776 0.000696 0.999999
25.467000000 -1.999947 -0.500000 0.008721 0.000008 0.000777 0.000697 0.999999
25.501000000 -1.999947 -0.500000 0.008718 0.000007 0.000777 0.000698 0.999999
25.535000000 -1.999947 -0.500000 0.008718 0.000007 0.000778 0.000699 0.999999
25.569000000 -1.999947 -0.500000 0.008721 0.000008 0.000777 0.000700 0.999999
25.603000000 -1.999947 -0.500000 0.008728 0.000009 0.000777 0.000700 0.999999
25.637000000 -1.998792 -0.499999 0.008732 0.000009 0.000729 0.000701 0.999999
25.671000000 -1.996480 -0.499995 0.008741 0.000004 0.000724 0.000702 0.999999
25.705000000 -1.993011 -0.499990 0.008737 -0.000000 0.000747 0.000702 0.999999
25.739000000 -1.988387 -0.499984 0.008733 0.000010 0.000751 0.000703 0.999999
25.773000000 -1.982607 -0.499976 0.008731 0.000011 0.000740 0.000704 0.999999
25.807000000 -1.975672 -0.499966 0.008734 0.000007 0.000738 0.000704 0.999999
25.841000000 -1.967579 -0.499955 0.008739 0.000002 0.000742 0.000705 0.999999
25.875000000 -1.959082 -0.499938 0.008729 0.000005 0.000775 0.001287 0.999999
25.909000000 -1.950583 -0.499912 0.008721 0.000009 0.000794 0.001874 0.999998
25.943000000 -1.942086 -0.499875 0.008715 0.000008 0.000780 0.002467 0.999997
25.977000000 -1.933589 -0.499828 0.008720 0.000006 0.000768 0.003038 0.999995
26.11000000 -1.925091 -0.499772 0.008721 0.000003 0.000773 0.003610 0.999993
26.45000000 -1.916593 -0.499706 0.008721 0.000005 0.000781 0.004136 0.999991
26.79000000 -1.908095 -0.499632 0.008723 0.000008 0.000781 0.004638 0.999989
26.113000000 -1.899597 -0.499549 0.008724 0.000008 0.000776 0.005141 0.999986
26.147000000 -1.891100 -0.499458 0.008717 0.000006 0.000775 0.005621 0.999984
26.181000000 -1.882602 -0.499358 0.008727 0.000005 0.000778 0.006057 0.999981
26.215000000 -1.874104 -0.499252 0.008728 0.000005 0.000780 0.006471 0.999979
26.249000000 -1.865606 -0.499139 0.008726 0.000006 0.000779 0.006885 0.999976
26.283000000 -1.857108 -0.499019 0.008727 -0.000001 0.000778 0.007258 0.999973
26.317000000 -1.848611 -0.498892 0.008726 0.000002 0.000777 0.007612 0.999971
26.351000000 -1.840113 -0.498760 0.008728 0.000004 0.000779 0.007965 0.999968
26.385000000 -1.831615 -0.498622 0.008726 0.000003 0.000777 0.008281 0.999965
26.419000000 -1.823117 -0.498479 0.008717 0.000003 0.000775 0.008579 0.999963
26.453000000 -1.814620 -0.498331 0.008725 0.000002 0.000779 0.008876 0.999960
26.487000000 -1.806122 -0.498178 0.008728 0.000002 0.000779 0.009139 0.999958
26.521000000 -1.797624 -0.498020 0.008727 0.000001 0.000778 0.009385 0.999956
26.555000000 -1.789127 -0.497859 0.008719 0.000001 0.000775 0.009631 0.999953
26.589000000 -1.780629 -0.497693 0.008718 0.000002 0.000776 0.009846 0.999951
26.623000000 -1.772131 -0.497524 0.008722 0.000003 0.000778 0.010045 0.999949
26.657000000 -1.763634 -0.497352 0.008726 0.000002 0.000778 0.010244 0.999947
26.691000000 -1.755136 -0.497176 0.008724 0.000001 0.000777 0.010428 0.999945
26.725000000 -1.746639 -0.496998 0.008721 0.000001 0.000776 0.010584 0.999944
26.759000000 -1.738141 -0.496817 0.008716 -0.000001 0.000777 0.010741 0.999942
26.793000000 -1.729644 -0.496633 0.008717 -0.000002 0.000777 0.010883 0.999940
26.827000000 -1.721146 -0.496447 0.008720 -0.000000 0.000777 0.011000 0.999939
26.861000000 -1.712649 -0.496259 0.008724 0.000002 0.000778 0.011117 0.999938
26.895000000 -1.704151 -0.496069 0.008727 0.000003 0.000778 0.011222 0.999937
26.929000000 -1.695653 -0.495878 0.008724 0.000000 0.000777 0.011304 0.999936
26.963000000 -1.687156 -0.495685 0.008721 -0.000000 0.000777 0.011374 0.999935
26.997000000 -1.678658 -0.495491 0.008717 0.000000 0.000777 0.011445 0.999934
27.31000000 -1.670161 -0.495296 0.008716 0.000002 0.000776 0.011495 0.999934
27.65000000 -1.661663 -0.495101 0.008728 0.000002 0.000778 0.011535 0.999933
27.99000000 -1.653165 -0.494904 0.008727 -0.000002 0.000778 0.011576 0.999933
27.133000000 -1.644667 -0.494707 0.008725 -0.000002 0.000778 0.011599 0.999932
27.167000000 -1.636170 -0.494510 0.008721 -0.000001 0.000777 0.011613 0.999932
27.201000000 -1.627672 -0.494313 0.008721 0.000001 0.000776 0.011627 0.999932
27.235000000 -1.619174 -0.494115 0.008719 0.000002 0.000777 0.011625 0.999932
27.269000000 -1.610676 -0.493917 0.008725 -0.000000 0.000778 0.011616 0.999932
27.303000000 -1.602179 -0.493720 0.008727 -0.000003 0.000779 0.011607 0.999932
27.337000000 -1.593681 -0.493523 0.008728 0.000001 0.000778 0.011585 0.999933
27.371000000 -1.585183 -0.493326 0.008720 0.000003 0.000776 0.011556 0.999933
27.405000000 -1.576685 -0.493130 0.008721 -0.000001 0.000777 0.011527 0.999933
27.439000000 -1.568187 -0.492935 0.008721 -0.000001 0.000778 0.011486 0.999934
27.473000000 -1.559689 -0.492740 0.008719 0.000000 0.000777 0.011439 0.999934
27.507000000 -1.551191 -0.492546 0.008719 0.000002 0.000777 0.011393 0.999935
27.541000000 -1.542693 -0.492353 0.008728 0.000001 0.000778 0.011341 0.999935
27.575000000 -1.534195 -0.492160 0.008726 -0.000001 0.000778 0.011280 0.999936
27.609000000 -1.525696 -0.491969 0.008718 -0.000001 0.000776 0.011219 0.999937
27.643000000 -1.517198 -0.491779 0.008718 -0.000001 0.000776 0.011153 0.999937
27.677000000 -1.508700 -0.491590 0.008722 0.000002 0.000779 0.011080 0.999938
27.711000000 -1.500202 -0.491402 0.008727 0.000002 0.000779 0.011006 0.999939
27.745000000 -1.491703 -0.491216 0.008721 0.000001 0.000777 0.010928 0.999940
27.779000000 -1.483205 -0.491031 0.008721 0.000000 0.000777 0.010831 0.999941
27.813000000 -1.474706 -0.490848 0.008719 0.000002 0.000776 0.010619 0.999943
27.847000000 -1.466207 -0.490670 0.008719 0.000003 0.000777 0.010406 0.999946
27.881000000 -1.457707 -0.490496 0.008728 0.000003 0.000779 0.009963 0.999950
27.915000000 -1.449206 -0.490331 0.008726 0.000001 0.000778 0.009408 0.999955
27.949000000 -1.440705 -0.490176 0.008723 0.000001 0.000776 0.008853 0.999961
27.983000000 -1.432203 -0.490032 0.008717 0.000003 0.000776 0.008113 0.999967
28.17000000 -1.423701 -0.489900 0.008722 0.000004 0.000778 0.007389 0.999972
28.51000000 -1.415199 -0.489780 0.008724 0.000004 0.000780 0.006666 0.999977
28.85000000 -1.406697 -0.489672 0.008726 0.000005 0.000779 0.005987 0.999982
28.119000000 -1.398195 -0.489576 0.008724 0.000005 0.000777 0.005334 0.999985
28.153000000 -1.389693 -0.489491 0.008723 0.000005 0.000776 0.004682 0.999989
28.187000000 -1.381191 -0.489416 0.008716 0.000007 0.000776 0.004082 0.999991
28.221000000 -1.372689 -0.489351 0.008718 0.000006 0.000777 0.003507 0.999994
28.255000000 -1.364187 -0.489297 0.008727 0.000005 0.000778 0.002933 0.999995
28.289000000 -1.355685 -0.489251 0.008727 0.000006 0.000778 0.002409 0.999997
28.323000000 -1.347183 -0.489214 0.008721 0.000006 0.000777 0.001908 0.999998
28.357000000 -1.338681 -0.489186 0.008721 0.000007 0.000777 0.001408 0.999999
28.391000000 -1.330179 -0.489166 0.008718 0.000008 0.000777 0.000932 0.999999
28.425000000 -1.321678 -0.489154 0.008718 0.000008 0.000777 0.000500 1.000000
28.459000000 -1.313176 -0.489149 0.008725 0.000008 0.000777 0.000069 1.000000
28.493000000 -1.304674 -0.489151 0.008728 0.000009 0.000778 -0.000340 1.000000
28.527000000 -1.296165 -0.489173 0.008727 0.000015 0.000778 -0.002344 0.999997
28.561000000 -1.287653 -0.489238 0.008727 0.000015 0.000777 -0.005348 0.999985
28.595000000 -1.279142 -0.489353 0.008727 0.000011 0.000778 -0.008340 0.999965
28.629000000 -1.270633 -0.489519 0.008724 0.000011 0.000777 -0.011225 0.999937
28.663000000 -1.262125 -0.489733 0.008722 0.000017 0.000777 -0.013978 0.999902
28.697000000 -1.253618 -0.489994 0.008722 0.000021 0.000777 -0.016730 0.999860
28.731000000 -1.245114 -0.490299 0.008721 0.000022 0.000776 -0.019216 0.999815
28.765000000 -1.236613 -0.490645 0.008721 0.000025 0.000776 -0.021572 0.999767
28.799000000 -1.228112 -0.491032 0.008716 0.000027 0.000776 -0.023926 0.999713
28.833000000 -1.219615 -0.491456 0.008720 0.000027 0.000777 -0.026026 0.999661
28.867000000 -1.211120 -0.491915 0.008722 0.000027 0.000778 -0.028004 0.999608
28.901000000 -1.202626 -0.492408 0.008724 0.000029 0.000778 -0.029981 0.999550
28.935000000 -1.194136 -0.492932 0.008725 0.000032 0.000779 -0.031723 0.999496
28.969000000 -1.185648 -0.493485 0.008727 0.000034 0.000778 -0.033353 0.999443
29.3000000 -1.177161 -0.494066 0.008726 0.000036 0.000778 -0.034983 0.999388
29.37000000 -1.168675 -0.494676 0.008726 0.000037 0.000778 -0.036851 0.999320
29.71000000 -1.160192 -0.495319 0.008724 0.000038 0.000775 -0.038874 0.999244
29.105000000 -1.151711 -0.495997 0.008718 0.000038 0.000775 -0.040899 0.999163
29.139000000 -1.143232 -0.496711 0.008718 0.000041 0.000775 -0.043077 0.999071
29.173000000 -1.134756 -0.497463 0.008719 0.000046 0.000775 -0.045542 0.998962
29.207000000 -1.126283 -0.498258 0.008722 0.000044 0.000777 -0.048010 0.998847
29.241000000 -1.117815 -0.499093 0.008722 0.000042 0.000776 -0.050376 0.998730
29.275000000 -1.109353 -0.499967 0.008723 0.000046 0.000777 -0.052480 0.998622
29.309000000 -1.100894 -0.500875 0.008728 0.000050 0.000776 -0.054440 0.998517
29.343000000 -1.092438 -0.501816 0.008726 0.000051 0.000775 -0.056399 0.998408
29.377000000 -1.083988 -0.502788 0.008726 0.000050 0.000777 -0.058090 0.998311
29.411000000 -1.075540 -0.503788 0.008726 0.000053 0.000777 -0.059653 0.998219
29.445000000 -1.067096 -0.504813 0.008728 0.000057 0.000776 -0.061214 0.998124
29.479000000 -1.058657 -0.505864 0.008717 0.000059 0.000773 -0.062531 0.998043
29.513000000 -1.050220 -0.506935 0.008719 0.000058 0.000775 -0.063731 0.997967
29.547000000 -1.041785 -0.508027 0.008722 0.000057 0.000777 -0.064930 0.997889
29.581000000 -1.033354 -0.509137 0.008722 0.000056 0.000775 -0.065908 0.997825
29.615000000 -1.024926 -0.510261 0.008723 0.000061 0.000775 -0.066622 0.997778
29.649000000 -1.016500 -0.511398 0.008728 0.000064 0.000777 -0.067333 0.997730
29.683000000 -1.008075 -0.512546 0.008725 0.000063 0.000776 -0.068106 0.997678
29.717000000 -0.999659 -0.513692 0.008727 0.000056 0.000777 -0.067016 0.997752
29.751000000 -0.991238 -0.514819 0.008719 0.000062 0.000773 -0.065908 0.997825
29.785000000 -0.982819 -0.515918 0.008717 0.000062 0.000775 -0.063699 0.997969
29.819000000 -0.974400 -0.516966 0.008717 0.000055 0.000777 -0.059901 0.998204
29.853000000 -0.965976 -0.517940 0.008717 0.000053 0.000778 -0.054987 0.998487
29.887000000 -0.957528 -0.518863 0.008727 0.000063 0.000772 -0.053842 0.998549
29.921000000 -0.949085 -0.519759 0.008726 0.000039 0.000777 -0.051745 0.998660
29.955000000 -0.940636 -0.520619 0.008725 0.000039 0.000777 -0.049639 0.998767
29.989000000 -0.932184 -0.521446 0.008716 0.000052 0.000775 -0.047693 0.998862
30.23000000 -0.923728 -0.522240 0.008723 0.000054 0.000776 -0.045911 0.998945
30.57000000 -0.915268 -0.523006 0.008722 0.000041 0.000777 -0.044257 0.999020
30.91000000 -0.906806 -0.523743 0.008722 0.000031 0.000778 -0.042604 0.999092
30.125000000 -0.898341 -0.524455 0.008727 0.000044 0.000778 -0.041190 0.999151
30.159000000 -0.889874 -0.525143 0.008725 0.000045 0.000778 -0.039888 0.999204
30.193000000 -0.881405 -0.525809 0.008726 0.000035 0.000778 -0.038588 0.999255
30.227000000 -0.872934 -0.526455 0.008727 0.000034 0.000778 -0.037383 0.999301
30.261000000 -0.864461 -0.527080 0.008727 0.000040 0.000778 -0.036199 0.999344
30.295000000 -0.855987 -0.527685 0.008727 0.000041 0.000777 -0.035016 0.999386
30.329000000 -0.847512 -0.528270 0.008727 0.000033 0.000777 -0.033874 0.999426
30.363000000 -0.839035 -0.528836 0.008727 0.000031 0.000777 -0.032752 0.999463
30.397000000 -0.830557 -0.529383 0.008726 0.000036 0.000778 -0.031630 0.999499
30.431000000 -0.822077 -0.529911 0.008727 0.000033 0.000778 -0.030548 0.999533
30.465000000 -0.813596 -0.530421 0.008720 0.000033 0.000776 -0.029486 0.999565
30.499000000 -0.805115 -0.530913 0.008717 0.000034 0.000776 -0.028425 0.999596
30.533000000 -0.796632 -0.531388 0.008719 0.000033 0.000776 -0.027405 0.999624
30.567000000 -0.788148 -0.531845 0.008725 0.000031 0.000778 -0.026405 0.999651
30.601000000 -0.779663 -0.532285 0.008727 0.000029 0.000778 -0.025406 0.999677
30.635000000 -0.771177 -0.532709 0.008721 0.000029 0.000775 -0.024428 0.999701
30.669000000 -0.762690 -0.533116 0.008717 0.000028 0.000777 -0.023491 0.999724
30.703000000 -0.754202 -0.533507 0.008722 0.000028 0.000778 -0.022554 0.999745
30.737000000 -0.745714 -0.533883 0.008727 0.000027 0.000778 -0.021639 0.999766
30.771000000 -0.737225 -0.534243 0.008723 0.000026 0.000777 -0.020766 0.999784
30.805000000 -0.728735 -0.534589 0.008717 0.000025 0.000776 -0.019915 0.999801
30.839000000 -0.720245 -0.534921 0.008716 0.000025 0.000776 -0.019063 0.999818
30.873000000 -0.711753 -0.535238 0.008726 0.000026 0.000778 -0.018254 0.999833
30.907000000 -0.703262 -0.535541 0.008727 0.000022 0.000779 -0.017465 0.999847
30.941000000 -0.694770 -0.535832 0.008727 0.000021 0.000778 -0.016676 0.999861
30.975000000 -0.686277 -0.536109 0.008719 0.000022 0.000776 -0.015927 0.999873
31.9000000 -0.677784 -0.536374 0.008718 0.000023 0.000776 -0.015199 0.999884
31.43000000 -0.669290 -0.536626 0.008722 0.000024 0.000779 -0.014471 0.999895
31.77000000 -0.660796 -0.536866 0.008724 0.000021 0.000779 -0.013783 0.999905
31.111000000 -0.652301 -0.537095 0.008726 0.000019 0.000778 -0.013115 0.999914
31.145000000 -0.643806 -0.537312 0.008726 0.000018 0.000778 -0.012447 0.999922
31.179000000 -0.635311 -0.537518 0.008718 0.000020 0.000776 -0.011820 0.999930
31.213000000 -0.626815 -0.537715 0.008716 0.000019 0.000777 -0.011242 0.999937
31.247000000 -0.618320 -0.537901 0.008720 0.000016 0.000778 -0.010664 0.999943
31.281000000 -0.609823 -0.538078 0.008724 0.000016 0.000779 -0.010177 0.999948
31.315000000 -0.601326 -0.538247 0.008726 0.000017 0.000779 -0.009731 0.999952
31.349000000 -0.592829 -0.538409 0.008721 0.000018 0.000776 -0.009286 0.999957
31.383000000 -0.584332 -0.538564 0.008718 0.000017 0.000777 -0.008912 0.999960
31.417000000 -0.575834 -0.538712 0.008722 0.000016 0.000779 -0.008547 0.999963
31.451000000 -0.567337 -0.538854 0.008724 0.000016 0.000778 -0.008182 0.999966
31.485000000 -0.558839 -0.538991 0.008726 0.000016 0.000777 -0.007826 0.999969
31.519000000 -0.550341 -0.539121 0.008718 0.000016 0.000777 -0.007481 0.999972
31.553000000 -0.541843 -0.539245 0.008717 0.000015 0.000777 -0.007137 0.999974
31.587000000 -0.533345 -0.539364 0.008718 0.000014 0.000777 -0.006799 0.999977
31.621000000 -0.524847 -0.539477 0.008727 0.000016 0.000779 -0.006474 0.999979
31.655000000 -0.516349 -0.539584 0.008727 0.000013 0.000779 -0.006155 0.999981
31.689000000 -0.507850 -0.539686 0.008724 0.000012 0.000778 -0.005836 0.999983
31.723000000 -0.499352 -0.539783 0.008721 0.000012 0.000777 -0.005530 0.999984
31.757000000 -0.490853 -0.539874 0.008719 0.000013 0.000776 -0.005230 0.999986
31.791000000 -0.482355 -0.539961 0.008716 0.000015 0.000777 -0.004930 0.999988
31.825000000 -0.473856 -0.540042 0.008723 0.000015 0.000779 -0.004643 0.999989
31.859000000 -0.465357 -0.540118 0.008727 0.000010 0.000779 -0.004362 0.999990
31.893000000 -0.456858 -0.540190 0.008727 0.000008 0.000778 -0.004082 0.999991
31.927000000 -0.448360 -0.540258 0.008725 0.000012 0.000777 -0.003814 0.999992
31.961000000 -0.439861 -0.540320 0.008726 0.000012 0.000778 -0.003552 0.999993
31.995000000 -0.431362 -0.540378 0.008726 0.000009 0.000778 -0.003290 0.999994
32.29000000 -0.422863 -0.540432 0.008726 0.000012 0.000778 -0.003042 0.999995
32.63000000 -0.414363 -0.540482 0.008717 0.000015 0.000777 -0.002799 0.999996
32.97000000 -0.405864 -0.540527 0.008715 0.000011 0.000777 -0.002556 0.999996
32.131000000 -0.397365 -0.540569 0.008720 0.000007 0.000777 -0.002326 0.999997
32.165000000 -0.388866 -0.540607 0.008722 0.000007 0.000778 -0.002102 0.999997
32.199000000 -0.380366 -0.540641 0.008721 0.000014 0.000778 -0.001878 0.999998
32.233000000 -0.371867 -0.540671 0.008721 0.000008 0.000778 -0.001667 0.999998
32.267000000 -0.363368 -0.540697 0.008725 0.000009 0.000779 -0.001461 0.999999
32.301000000 -0.354868 -0.540721 0.008726 0.000011 0.000780 -0.001255 0.999999
32.335000000 -0.346369 -0.540740 0.008727 0.000012 0.000779 -0.001056 0.999999
32.369000000 -0.337869 -0.540756 0.008726 0.000007 0.000778 -0.000867 0.999999
32.403000000 -0.329370 -0.540770 0.008726 0.000004 0.000778 -0.000679 0.999999
32.437000000 -0.320870 -0.540780 0.008727 0.000010 0.000780 -0.000485 1.000000
32.471000000 -0.312371 -0.540786 0.008720 0.000010 0.000777 -0.000270 1.000000
32.505000000 -0.303872 -0.540789 0.008719 0.000007 0.000777 -0.000042 1.000000
32.539000000 -0.295372 -0.540788 0.008719 0.000009 0.000776 0.000186 1.000000
32.573000000 -0.286873 -0.540782 0.008722 0.000010 0.000778 0.000441 1.000000
32.607000000 -0.278374 -0.540773 0.008726 0.000010 0.000779 0.000694 0.999999
32.641000000 -0.269874 -0.540759 0.008726 0.000009 0.000779 0.000947 0.999999
32.675000000 -0.261375 -0.540741 0.008723 0.000008 0.000777 0.001191 0.999999
32.709000000 -0.252876 -0.540718 0.008717 0.000007 0.000776 0.001430 0.999999
32.743000000 -0.244377 -0.540692 0.008723 0.000006 0.000778 0.001668 0.999998
32.777000000 -0.235877 -0.540662 0.008724 0.000007 0.000779 0.001895 0.999998
32.811000000 -0.227378 -0.540628 0.008721 0.000008 0.000779 0.002117 0.999997
32.845000000 -0.218878 -0.540590 0.008724 0.000003 0.000778 0.002338 0.999997
32.879000000 -0.210379 -0.540548 0.008721 0.000006 0.000778 0.002554 0.999996
32.913000000 -0.201880 -0.540503 0.008724 0.000008 0.000780 0.002759 0.999996
32.947000000 -0.193380 -0.540455 0.008722 0.000007 0.000778 0.002965 0.999995
32.981000000 -0.184881 -0.540402 0.008724 0.000002 0.000779 0.003164 0.999995
33.15000000 -0.176382 -0.540347 0.008720 0.000005 0.000779 0.003353 0.999994
33.49000000 -0.167882 -0.540289 0.008728 0.000007 0.000779 0.003536 0.999993
33.83000000 -0.159383 -0.540227 0.008727 0.000006 0.000780 0.003719 0.999993
33.117000000 -0.150884 -0.540162 0.008720 0.000003 0.000777 0.003892 0.999992
33.151000000 -0.142382 -0.540098 0.008718 0.000006 0.000776 0.003637 0.999993
33.185000000 -0.133881 -0.540038 0.008725 0.000010 0.000779 0.003378 0.999994
33.219000000 -0.125376 -0.539990 0.008721 0.000011 0.000779 0.002251 0.999997
33.253000000 -0.116869 -0.539964 0.008719 0.000003 0.000779 0.000711 0.999999
33.287000000 -0.108363 -0.539965 0.008721 0.000004 0.000779 -0.000832 0.999999
33.321000000 -0.099853 -0.539998 0.008723 0.000012 0.000777 -0.003125 0.999995
33.355000000 -0.091344 -0.540070 0.008724 0.000013 0.000779 -0.005467 0.999985
33.389000000 -0.082835 -0.540182 0.008726 0.000012 0.000779 -0.007810 0.999969
33.423000000 -0.074328 -0.540333 0.008727 0.000011 0.000780 -0.009979 0.999950
33.457000000 -0.065822 -0.540520 0.008723 0.000016 0.000777 -0.012040 0.999927
33.491000000 -0.057317 -0.540742 0.008716 0.000022 0.000776 -0.014099 0.999900
33.525000000 -0.048814 -0.540997 0.008725 0.000021 0.000779 -0.015944 0.999873
33.559000000 -0.040311 -0.541283 0.008724 0.000019 0.000779 -0.017686 0.999843
33.593000000 -0.031810 -0.541598 0.008724 0.000020 0.000779 -0.019427 0.999811
33.627000000 -0.023311 -0.541942 0.008721 0.000024 0.000778 -0.021016 0.999779
33.661000000 -0.014813 -0.542312 0.008724 0.000025 0.000779 -0.022541 0.999746
33.695000000 -0.006316 -0.542707 0.008724 0.000025 0.000779 -0.024065 0.999710
33.729000000 0.002180 -0.543128 0.008726 0.000025 0.000778 -0.025464 0.999675
33.763000000 0.010673 -0.543572 0.008727 0.000027 0.000778 -0.026802 0.999640
33.797000000 0.019166 -0.544039 0.008727 0.000032 0.000779 -0.028140 0.999604
33.831000000 0.027657 -0.544528 0.008722 0.000033 0.000778 -0.029397 0.999568
33.865000000 0.036146 -0.545037 0.008718 0.000032 0.000777 -0.030479 0.999535
33.899000000 0.044634 -0.545563 0.008719 0.000030 0.000776 -0.031472 0.999504
33.933000000 0.053121 -0.546106 0.008716 0.000033 0.000776 -0.032464 0.999473
33.967000000 0.061606 -0.546665 0.008717 0.000035 0.000777 -0.033292 0.999445
34.1000000 0.070090 -0.547237 0.008722 0.000036 0.000778 -0.034041 0.999420
34.35000000 0.078574 -0.547822 0.008724 0.000035 0.000778 -0.034789 0.999394
34.69000000 0.087055 -0.548418 0.008725 0.000036 0.000778 -0.035389 0.999373
34.103000000 0.095536 -0.549023 0.008727 0.000035 0.000780 -0.035919 0.999354
34.137000000 0.104017 -0.549638 0.008726 0.000036 0.000778 -0.036448 0.999335
34.171000000 0.112477 -0.550226 0.008721 0.000028 0.000778 -0.032667 0.999466
34.205000000 0.120952 -0.550761 0.008718 0.000037 0.000775 -0.030342 0.999539
34.239000000 0.129430 -0.551257 0.008718 0.000032 0.000777 -0.028031 0.999607
34.273000000 0.137909 -0.551714 0.008717 0.000026 0.000778 -0.025779 0.999667
34.307000000 0.146391 -0.552133 0.008718 0.000025 0.000778 -0.023589 0.999721
34.341000000 0.154875 -0.552516 0.008719 0.000029 0.000778 -0.021401 0.999771
34.375000000 0.163360 -0.552862 0.008728 0.000026 0.000780 -0.019338 0.999813
34.409000000 0.171846 -0.553172 0.008725 0.000023 0.000779 -0.017052 0.999854
34.443000000 0.180334 -0.553442 0.008717 0.000021 0.000777 -0.014764 0.999891
34.477000000 0.188821 -0.553671 0.008718 0.000020 0.000778 -0.012123 0.999926
34.511000000 0.197306 -0.553849 0.008719 0.000016 0.000780 -0.008802 0.999961
34.545000000 0.205793 -0.553971 0.008721 0.000015 0.000780 -0.005475 0.999985
34.579000000 0.214279 -0.554034 0.008726 0.000013 0.000779 -0.001828 0.999998
34.613000000 0.222763 -0.554030 0.008727 0.000006 0.000780 0.002418 0.999997
34.647000000 0.231248 -0.553957 0.008725 0.000004 0.000779 0.006261 0.999980
34.681000000 0.239723 -0.553804 0.008724 -0.000001 0.000780 0.012020 0.999927
34.715000000 0.248187 -0.553537 0.008720 -0.000006 0.000779 0.019812 0.999803
34.749000000 0.256644 -0.553131 0.008717 -0.000009 0.000778 0.028374 0.999597
34.783000000 0.265094 -0.552580 0.008719 -0.000013 0.000778 0.036941 0.999317
34.817000000 0.273530 -0.551881 0.008716 -0.000028 0.000778 0.045934 0.998944
34.851000000 0.281946 -0.551021 0.008717 -0.000036 0.000779 0.056146 0.998422
34.885000000 0.290344 -0.549988 0.008722 -0.000035 0.000779 0.066360 0.997795
34.919000000 0.298714 -0.548779 0.008721 -0.000046 0.000778 0.077319 0.997006
34.953000000 0.307055 -0.547383 0.008720 -0.000062 0.000777 0.088539 0.996072
34.987000000 0.315362 -0.545800 0.008726 -0.000063 0.000777 0.099751 0.995012
35.21000000 0.323629 -0.544028 0.008722 -0.000066 0.000776 0.111362 0.993780
35.55000000 0.331852 -0.542061 0.008717 -0.000084 0.000774 0.123109 0.992393
35.89000000 0.340025 -0.539901 0.008716 -0.000094 0.000773 0.134840 0.990867
35.123000000 0.348145 -0.537547 0.008725 -0.000096 0.000774 0.146679 0.989184
35.157000000 0.356205 -0.534999 0.008725 -0.000104 0.000772 0.158668 0.987332
35.191000000 0.364200 -0.532255 0.008725 -0.000121 0.000770 0.170635 0.985334
35.225000000 0.372127 -0.529319 0.008718 -0.000127 0.000766 0.182636 0.983180
35.259000000 0.379975 -0.526186 0.008718 -0.000132 0.000767 0.195137 0.980776
35.293000000 0.387728 -0.522844 0.008717 -0.000152 0.000764 0.209511 0.977806
35.327000000 0.395379 -0.519275 0.008718 -0.000162 0.000760 0.223829 0.974628
35.361000000 0.402924 -0.515483 0.008719 -0.000166 0.000759 0.238015 0.971261
35.395000000 0.410355 -0.511473 0.008723 -0.000179 0.000759 0.252150 0.967688
35.429000000 0.417667 -0.507249 0.008724 -0.000191 0.000757 0.266113 0.963941
35.463000000 0.424855 -0.502816 0.008726 -0.000201 0.000754 0.279767 0.960068
35.497000000 0.431916 -0.498182 0.008722 -0.000219 0.000747 0.293226 0.956043
35.531000000 0.438844 -0.493352 0.008724 -0.000227 0.000746 0.306625 0.951830
35.565000000 0.445636 -0.488330 0.008725 -0.000231 0.000743 0.319686 0.947523
35.599000000 0.452289 -0.483123 0.008727 -0.000251 0.000737 0.332541 0.943089
35.633000000 0.458797 -0.477738 0.008725 -0.000255 0.000736 0.345333 0.938480
35.667000000 0.465160 -0.472179 0.008719 -0.000255 0.000733 0.357765 0.933811
35.701000000 0.471374 -0.466453 0.008724 -0.000298 0.000720 0.369982 0.929038
35.735000000 0.477436 -0.460566 0.008724 -0.000300 0.000718 0.382134 0.924106
35.769000000 0.483344 -0.454524 0.008720 -0.000276 0.000725 0.393911 0.919148
35.803000000 0.489099 -0.448333 0.008725 -0.000307 0.000714 0.405344 0.914164
35.837000000 0.494697 -0.442000 0.008727 -0.000337 0.000702 0.416711 0.909039
35.871000000 0.500139 -0.435532 0.008726 -0.000316 0.000710 0.427698 0.903921
35.905000000 0.505429 -0.428934 0.008721 -0.000317 0.000711 0.437990 0.898980
35.939000000 0.510566 -0.422217 0.008720 -0.000360 0.000688 0.448218 0.893924
35.973000000 0.515553 -0.415385 0.008718 -0.000354 0.000690 0.458065 0.888918
36.7000000 0.520392 -0.408446 0.008725 -0.000337 0.000701 0.467367 0.884063
36.41000000 0.525084 -0.401406 0.008717 -0.000379 0.000682 0.476612 0.879113
36.75000000 0.529630 -0.394271 0.008719 -0.000386 0.000675 0.485650 0.874153
36.109000000 0.534031 -0.387043 0.008719 -0.000357 0.000688 0.494346 0.869265
36.143000000 0.538288 -0.379729 0.008721 -0.000380 0.000680 0.502844 0.864377
36.177000000 0.542400 -0.372333 0.008720 -0.000413 0.000659 0.511292 0.859407
36.211000000 0.546370 -0.364858 0.008722 -0.000393 0.000668 0.519466 0.854491
36.245000000 0.550197 -0.357309 0.008722 -0.000395 0.000671 0.527509 0.849549
36.279000000 0.553880 -0.349689 0.008725 -0.000431 0.000650 0.535504 0.844532
36.313000000 0.557421 -0.342000 0.008727 -0.000415 0.000658 0.543287 0.839546
36.347000000 0.560821 -0.334248 0.008724 -0.000405 0.000663 0.550943 0.834542
36.381000000 0.564077 -0.326434 0.008718 -0.000443 0.000638 0.558553 0.829469
36.415000000 0.567193 -0.318563 0.008722 -0.000439 0.000640 0.565882 0.824486
36.449000000 0.570171 -0.310637 0.008724 -0.000422 0.000652 0.573022 0.819539
36.483000000 0.573010 -0.302660 0.008725 -0.000450 0.000634 0.580118 0.814532
36.517000000 0.575713 -0.294635 0.008723 -0.000468 0.000622 0.586878 0.809675
36.551000000 0.578285 -0.286566 0.008725 -0.000446 0.000636 0.593452 0.804869
36.585000000 0.580724 -0.278457 0.008721 -0.000454 0.000632 0.599984 0.800011
36.619000000 0.583034 -0.270307 0.008724 -0.000487 0.000607 0.606171 0.795334
36.653000000 0.585221 -0.262123 0.008727 -0.000467 0.000620 0.612160 0.790733
36.687000000 0.587283 -0.253908 0.008723 -0.000462 0.000625 0.618113 0.786089
36.721000000 0.589222 -0.245661 0.008719 -0.000496 0.000597 0.623867 0.781530
36.755000000 0.591044 -0.237385 0.008721 -0.000485 0.000603 0.629262 0.777193
36.789000000 0.592752 -0.229086 0.008719 -0.000468 0.000618 0.634624 0.772821
36.823000000 0.594345 -0.220763 0.008721 -0.000495 0.000602 0.639795 0.768546
36.857000000 0.595830 -0.212419 0.008721 -0.000516 0.000581 0.644650 0.764478
36.891000000 0.597212 -0.204056 0.008721 -0.000487 0.000601 0.649334 0.760503
36.925000000 0.598491 -0.195677 0.008722 -0.000487 0.000606 0.653993 0.756501
36.959000000 0.599669 -0.187281 0.008717 -0.000527 0.000570 0.658354 0.752708
36.993000000 0.600751 -0.178873 0.008721 -0.000516 0.000578 0.662625 0.748951
37.27000000 0.601739 -0.170453 0.008726 -0.000494 0.000600 0.666874 0.745170
37.61000000 0.602629 -0.162022 0.008721 -0.000528 0.000573 0.671098 0.741368
37.95000000 0.603423 -0.153582 0.008726 -0.000538 0.000560 0.675302 0.737541
37.129000000 0.604123 -0.145133 0.008727 -0.000504 0.000589 0.679484 0.733690
37.163000000 0.604726 -0.136677 0.008725 -0.000511 0.000577 0.683638 0.729821
37.197000000 0.605233 -0.128214 0.008726 -0.000547 0.000549 0.687685 0.726009
37.231000000 0.605647 -0.119746 0.008727 -0.000535 0.000566 0.691709 0.722175
37.265000000 0.605970 -0.111272 0.008724 -0.000522 0.000577 0.695437 0.718587
37.299000000 0.606206 -0.102795 0.008725 -0.000556 0.000544 0.699004 0.715117
37.333000000 0.606359 -0.094316 0.008726 -0.000550 0.000546 0.702553 0.711631
37.367000000 0.606371 -0.085867 0.008719 -0.000540 0.000556 0.710988 0.703204
37.401000000 0.606212 -0.077394 0.008723 -0.000526 0.000564 0.716596 0.697488
37.435000000 0.605948 -0.068909 0.008729 -0.000555 0.000536 0.719379 0.694617
37.469000000 0.605644 -0.060414 0.008727 -0.000559 0.000538 0.719901 0.694076
37.503000000 0.605332 -0.051921 0.008727 -0.000547 0.000552 0.720073 0.693898
37.537000000 0.605016 -0.043428 0.008727 -0.000546 0.000550 0.720242 0.693722
37.571000000 0.604697 -0.034935 0.008729 -0.000555 0.000539 0.720198 0.693769
37.605000000 0.604382 -0.026440 0.008724 -0.000553 0.000537 0.719999 0.693975
37.639000000 0.604073 -0.017945 0.008721 -0.000546 0.000547 0.719780 0.694201
37.673000000 0.603768 -0.009450 0.008722 -0.000549 0.000547 0.719562 0.694428
37.707000000 0.603469 -0.000955 0.008720 -0.000552 0.000541 0.719331 0.694667
37.741000000 0.603176 0.007540 0.008721 -0.000548 0.000544 0.719098 0.694909
37.775000000 0.602888 0.016036 0.008718 -0.000546 0.000547 0.718864 0.695150
37.809000000 0.602606 0.024531 0.008724 -0.000546 0.000548 0.718629 0.695394
37.843000000 0.602330 0.033027 0.008724 -0.000550 0.000545 0.718392 0.695638
37.877000000 0.602060 0.041523 0.008726 -0.000552 0.000544 0.718155 0.695882
37.911000000 0.601795 0.050020 0.008727 -0.000548 0.000549 0.717918 0.696127
37.945000000 0.601536 0.058516 0.008727 -0.000548 0.000547 0.717681 0.696372
37.979000000 0.601283 0.067013 0.008727 -0.000550 0.000544 0.717444 0.696616
38.13000000 0.601037 0.075510 0.008729 -0.000549 0.000545 0.717188 0.696879
38.47000000 0.600796 0.084007 0.008727 -0.000545 0.000548 0.716915 0.697161
38.81000000 0.600562 0.092504 0.008719 -0.000544 0.000548 0.716641 0.697442
38.115000000 0.600336 0.101002 0.008720 -0.000546 0.000547 0.716329 0.697762
38.149000000 0.600117 0.109500 0.008724 -0.000549 0.000546 0.715998 0.698102
38.183000000 0.599906 0.117998 0.008726 -0.000548 0.000548 0.715666 0.698442
38.217000000 0.599703 0.126496 0.008728 -0.000545 0.000550 0.715321 0.698796
38.251000000 0.599509 0.134995 0.008727 -0.000548 0.000546 0.714978 0.699146
38.285000000 0.599323 0.143493 0.008728 -0.000548 0.000546 0.714635 0.699497
38.319000000 0.599146 0.151992 0.008729 -0.000544 0.000550 0.714296 0.699844
38.353000000 0.598977 0.160491 0.008724 -0.000538 0.000552 0.713965 0.700181
38.387000000 0.598815 0.168990 0.008724 -0.000542 0.000550 0.713638 0.700514
38.421000000 0.598662 0.177489 0.008723 -0.000546 0.000545 0.713312 0.700846
38.455000000 0.598509 0.185985 0.008725 -0.000543 0.000549 0.713575 0.700579
38.489000000 0.598347 0.194478 0.008727 -0.000543 0.000551 0.714144 0.699999
38.523000000 0.598171 0.202972 0.008727 -0.000545 0.000547 0.714715 0.699415
38.557000000 0.597974 0.211461 0.008723 -0.000546 0.000544 0.715847 0.698257
38.591000000 0.597747 0.219949 0.008720 -0.000545 0.000546 0.717229 0.696837
38.625000000 0.597486 0.228436 0.008721 -0.000546 0.000545 0.718611 0.695412
38.659000000 0.597192 0.236922 0.008723 -0.000549 0.000541 0.720004 0.693970
38.693000000 0.596864 0.245407 0.008719 -0.000546 0.000543 0.721325 0.692596
38.727000000 0.596504 0.253890 0.008727 -0.000546 0.000546 0.722643 0.691221
38.761000000 0.596113 0.262373 0.008724 -0.000552 0.000541 0.723818 0.689990
38.795000000 0.595694 0.270855 0.008730 -0.000555 0.000539 0.724920 0.688833
38.829000000 0.595248 0.279336 0.008728 -0.000550 0.000542 0.726019 0.687674
38.863000000 0.594776 0.287816 0.008729 -0.000552 0.000541 0.726980 0.686658
38.897000000 0.594282 0.296295 0.008728 -0.000556 0.000537 0.727874 0.685710
38.931000000 0.593766 0.304772 0.008726 -0.000555 0.000537 0.728767 0.684761
38.965000000 0.593228 0.313249 0.008726 -0.000553 0.000538 0.729593 0.683881
38.999000000 0.592671 0.321725 0.008726 -0.000554 0.000535 0.730301 0.683125
39.33000000 0.592096 0.330200 0.008719 -0.000554 0.000535 0.731006 0.682370
39.67000000 0.591505 0.338674 0.008721 -0.000554 0.000535 0.731652 0.681678
39.101000000 0.590899 0.347147 0.008718 -0.000555 0.000533 0.732188 0.681102
39.135000000 0.590281 0.355620 0.008723 -0.000555 0.000534 0.732670 0.680584
39.169000000 0.589650 0.364092 0.008720 -0.000557 0.000532 0.733150 0.680066
39.203000000 0.589009 0.372564 0.008727 -0.000558 0.000533 0.733512 0.679676
39.237000000 0.588359 0.381036 0.008726 -0.000556 0.000534 0.733802 0.679363
39.271000000 0.587703 0.389507 0.008726 -0.000559 0.000531 0.734090 0.679052
39.305000000 0.587041 0.397978 0.008728 -0.000555 0.000534 0.734237 0.678893
39.339000000 0.586376 0.406450 0.008728 -0.000555 0.000534 0.734316 0.678807
39.373000000 0.585709 0.414921 0.008730 -0.000561 0.000529 0.734394 0.678723
39.407000000 0.585041 0.423393 0.008728 -0.000557 0.000531 0.734369 0.678750
39.441000000 0.584375 0.431865 0.008728 -0.000555 0.000532 0.734310 0.678814
39.475000000 0.583709 0.440337 0.008730 -0.000557 0.000530 0.734251 0.678877
39.509000000 0.583047 0.448810 0.008729 -0.000556 0.000532 0.734133 0.679005
39.543000000 0.582387 0.457283 0.008724 -0.000552 0.000535 0.733988 0.679162
39.577000000 0.581731 0.465756 0.008726 -0.000555 0.000531 0.733843 0.679319
39.611000000 0.581079 0.474230 0.008720 -0.000555 0.000530 0.733648 0.679529
39.645000000 0.580433 0.482704 0.008726 -0.000553 0.000534 0.733365 0.679835
39.679000000 0.579795 0.491180 0.008723 -0.000554 0.000533 0.733081 0.680141
39.713000000 0.579167 0.499658 0.008731 -0.000554 0.000534 0.732450 0.680821
39.747000000 0.578563 0.508142 0.008729 -0.000547 0.000538 0.731159 0.682207
39.781000000 0.577990 0.516628 0.008730 -0.000554 0.000533 0.729859 0.683597
39.815000000 0.577454 0.525118 0.008727 -0.000557 0.000530 0.728241 0.685320
39.849000000 0.576964 0.533614 0.008728 -0.000548 0.000537 0.726169 0.687516
39.883000000 0.576525 0.542112 0.008729 -0.000544 0.000542 0.724085 0.689710
39.917000000 0.576137 0.550612 0.008730 -0.000548 0.000540 0.722024 0.691867
39.951000000 0.575799 0.559113 0.008728 -0.000547 0.000539 0.720066 0.693906
39.985000000 0.575508 0.567616 0.008725 -0.000541 0.000542 0.718169 0.695868
40.19000000 0.575263 0.576121 0.008722 -0.000536 0.000546 0.716267 0.697825
40.53000000 0.575063 0.584625 0.008721 -0.000538 0.000544 0.714494 0.699642
40.87000000 0.574906 0.593130 0.008721 -0.000540 0.000542 0.712780 0.701387
40.121000000 0.574790 0.601637 0.008731 -0.000536 0.000550 0.711063 0.703128
40.155000000 0.574715 0.610142 0.008730 -0.000531 0.000553 0.709470 0.704735
40.189000000 0.574677 0.618647 0.008731 -0.000535 0.000548 0.707936 0.706276
40.223000000 0.574676 0.627153 0.008728 -0.000534 0.000550 0.706399 0.707813
40.257000000 0.574711 0.635658 0.008725 -0.000528 0.000554 0.704981 0.709226
40.291000000 0.574779 0.644162 0.008728 -0.000529 0.000553 0.703619 0.710577
40.325000000 0.574880 0.652666 0.008721 -0.000526 0.000553 0.702255 0.711925
40.359000000 0.575013 0.661169 0.008724 -0.000523 0.000557 0.700948 0.713212
40.393000000 0.575175 0.669670 0.008726 -0.000525 0.000558 0.699810 0.714328
40.427000000 0.575364 0.678171 0.008722 -0.000526 0.000555 0.698673 0.715441
40.461000000 0.575578 0.686670 0.008726 -0.000527 0.000555 0.697712 0.716378
40.495000000 0.575775 0.695152 0.008731 -0.000533 0.000552 0.700141 0.714004
40.529000000 0.575931 0.703648 0.008727 -0.000518 0.000560 0.701158 0.713005
40.563000000 0.576057 0.712136 0.008730 -0.000545 0.000538 0.702616 0.711569
40.597000000 0.576147 0.720623 0.008733 -0.000538 0.000544 0.704202 0.709999
40.631000000 0.576200 0.729110 0.008724 -0.000515 0.000563 0.705785 0.708426
40.665000000 0.576214 0.737598 0.008730 -0.000539 0.000542 0.707328 0.706885
40.699000000 0.576193 0.746087 0.008729 -0.000547 0.000532 0.708752 0.705457
40.733000000 0.576139 0.754575 0.008724 -0.000524 0.000554 0.710109 0.704091
40.767000000 0.576052 0.763063 0.008729 -0.000528 0.000548 0.711462 0.702724
40.801000000 0.575933 0.771552 0.008726 -0.000554 0.000522 0.712691 0.701477
40.835000000 0.575787 0.780040 0.008729 -0.000538 0.000541 0.713860 0.700288
40.869000000 0.575612 0.788527 0.008729 -0.000521 0.000558 0.715025 0.699099
40.903000000 0.575408 0.797015 0.008731 -0.000548 0.000528 0.716074 0.698024
40.937000000 0.575180 0.805502 0.008732 -0.000552 0.000527 0.717065 0.697006
40.971000000 0.574929 0.813989 0.008732 -0.000534 0.000544 0.718050 0.695992
41.5000000 0.574655 0.822474 0.008733 -0.000536 0.000541 0.718933 0.695079
41.39000000 0.574358 0.830959 0.008734 -0.000550 0.000526 0.719758 0.694225
41.73000000 0.574043 0.839443 0.008736 -0.000548 0.000522 0.720584 0.693367
41.107000000 0.573708 0.847927 0.008735 -0.000537 0.000526 0.721307 0.692615
41.141000000 0.573359 0.856411 0.008725 -0.000544 0.000516 0.721722 0.692183
41.175000000 0.573000 0.864895 0.008729 -0.000558 0.000505 0.722130 0.691757
41.209000000 0.572635 0.873381 0.008731 -0.000551 0.000510 0.722169 0.691716
41.243000000 0.572278 0.881871 0.008733 -0.000540 0.000518 0.721508 0.692406
41.277000000 0.571938 0.890360 0.008731 -0.000552 0.000509 0.720840 0.693101
41.311000000 0.571617 0.898853 0.008733 -0.000558 0.000504 0.719837 0.694143
41.345000000 0.571326 0.907348 0.008730 -0.000519 0.000531 0.718537 0.695489
41.379000000 0.571066 0.915843 0.008742 -0.000523 0.000512 0.717246 0.696820
41.413000000 0.570836 0.924339 0.008737 -0.000542 0.000477 0.715952 0.698149
41.447000000 0.570639 0.932836 0.008742 -0.000523 0.000488 0.714731 0.699399
41.481000000 0.570472 0.941332 0.008759 -0.000476 0.000504 0.713552 0.700602
41.515000000 0.570331 0.949828 0.008755 -0.000462 0.000481 0.712372 0.701801
41.549000000 0.570218 0.958325 0.008759 -0.000491 0.000462 0.711280 0.702908
41.583000000 0.570131 0.966822 0.008752 -0.000507 0.000471 0.710216 0.703983
41.617000000 0.570071 0.975318 0.008750 -0.000474 0.000501 0.709149 0.705058
41.651000000 0.570036 0.983815 0.008752 -0.000482 0.000473 0.708033 0.706179
41.685000000 0.570029 0.992311 0.008759 -0.000497 0.000443 0.706893 0.707320
41.719000000 0.570050 1.000808 0.008765 -0.000483 0.000439 0.705743 0.708467
41.753000000 0.570099 1.009304 0.008771 -0.000452 0.000438 0.704543 0.709661
41.787000000 0.570176 1.017799 0.008776 -0.000471 0.000429 0.703350 0.710843
41.821000000 0.570281 1.026295 0.008774 -0.000460 0.000408 0.702147 0.712032
41.855000000 0.570414 1.034789 0.008772 -0.000512 0.000375 0.700989 0.713172
41.889000000 0.570543 1.043104 0.008776 -0.000527 0.000336 0.702422 0.711761
41.923000000 0.570653 1.051266 0.008779 -0.000516 0.000300 0.702112 0.712066
41.957000000 0.570782 1.059674 0.008786 -0.000530 0.000231 0.701332 0.712834
41.991000000 0.570931 1.068168 0.008789 -0.000518 0.000152 0.700323 0.713826
42.25000000 0.571039 1.076642 0.008780 -0.000589 0.000100 0.699310 0.714819
42.59000000 0.571237 1.085137 0.008755 -0.000645 0.000166 0.698338 0.715768
42.93000000 0.571461 1.093631 0.008751 -0.000593 0.000294 0.697440 0.716643
42.127000000 0.571707 1.102123 0.008762 -0.000492 0.000426 0.696581 0.717478
42.161000000 0.571971 1.110614 0.008754 -0.000440 0.000515 0.695731 0.718302
42.195000000 0.572253 1.119103 0.008761 -0.000451 0.000480 0.694967 0.719041
42.229000000 0.572551 1.127591 0.008769 -0.000488 0.000418 0.694241 0.719742
42.263000000 0.572866 1.136079 0.008766 -0.000503 0.000388 0.693513 0.720443
42.297000000 0.573183 1.144264 0.008779 -0.000498 0.000383 0.693311 0.720638
42.331000000 0.573519 1.152750 0.008784 -0.000466 0.000354 0.692703 0.721222
42.365000000 0.573869 1.161234 0.008781 -0.000513 0.000315 0.692106 0.721796
42.399000000 0.574232 1.169717 0.008784 -0.000520 0.000272 0.691558 0.722321
42.433000000 0.574608 1.178198 0.008788 -0.000514 0.000217 0.691046 0.722811
42.467000000 0.574983 1.186675 0.008794 -0.000544 0.000154 0.690537 0.723297
42.501000000 0.575376 1.195171 0.008770 -0.000613 0.000118 0.690101 0.723713
42.535000000 0.575788 1.203664 0.008764 -0.000640 0.000141 0.689702 0.724093
42.569000000 0.576208 1.212154 0.008771 -0.000598 0.000171 0.689289 0.724486
42.603000000 0.576561 1.219179 0.008759 -0.000629 0.000227 0.689085 0.724681
42.637000000 0.576861 1.225051 0.008767 -0.000659 0.000291 0.688869 0.724885
42.671000000 0.577146 1.230391 0.008765 -0.000671 0.000311 0.687120 0.726544
42.705000000 0.577439 1.235335 0.008761 -0.000667 0.000278 0.684305 0.729195
42.739000000 0.577735 1.239814 0.008763 -0.000648 0.000202 0.682079 0.731278
42.773000000 0.578037 1.244518 0.008786 -0.000573 0.000097 0.679340 0.733824
42.807000000 0.578357 1.249101 0.008779 -0.000592 0.000115 0.676681 0.736276
42.841000000 0.578757 1.253619 0.008748 -0.000627 0.000268 0.673958 0.738769
42.875000000 0.579189 1.258095 0.008740 -0.000572 0.000458 0.671184 0.741290
42.909000000 0.579655 1.262566 0.008725 -0.000475 0.000602 0.668398 0.743803
42.943000000 0.580142 1.266961 0.008733 -0.000476 0.000591 0.665520 0.746380
42.977000000 0.580659 1.271316 0.008731 -0.000533 0.000499 0.662597 0.748976
43.11000000 0.581212 1.275667 0.008747 -0.000502 0.000468 0.659658 0.751566
43.45000000 0.581783 1.279893 0.008759 -0.000439 0.000504 0.656775 0.754086
43.79000000 0.582377 1.284054 0.008751 -0.000438 0.000537 0.653933 0.756552
43.113000000 0.583000 1.288212 0.008742 -0.000491 0.000529 0.651082 0.759007
43.147000000 0.583637 1.292247 0.008741 -0.000505 0.000532 0.648300 0.761385
43.181000000 0.584296 1.296219 0.008742 -0.000448 0.000551 0.645549 0.763719
43.215000000 0.584981 1.300187 0.008761 -0.000425 0.000527 0.642780 0.766050
43.249000000 0.585674 1.304037 0.008752 -0.000459 0.000506 0.640093 0.768297
43.283000000 0.586385 1.307827 0.008754 -0.000451 0.000521 0.637433 0.770505
43.317000000 0.587121 1.311613 0.008755 -0.000405 0.000542 0.634761 0.772708
43.351000000 0.587861 1.315286 0.008757 -0.000442 0.000525 0.632157 0.774840
43.385000000 0.588614 1.318901 0.008747 -0.000471 0.000509 0.629591 0.776927
43.419000000 0.589393 1.322511 0.008754 -0.000439 0.000525 0.627012 0.779009
43.453000000 0.590183 1.326063 0.008764 -0.000391 0.000535 0.624452 0.781063
43.487000000 0.590982 1.329541 0.008763 -0.000426 0.000507 0.621558 0.783368
43.521000000 0.591539 1.331888 0.008748 -0.000471 0.000548 0.618658 0.785660
43.555000000 0.591838 1.333109 0.008727 -0.000459 0.000598 0.615745 0.787945
43.589000000 0.591953 1.333559 0.008741 -0.000450 0.000576 0.613832 0.789436
43.623000000 0.591924 1.333443 0.008755 -0.000429 0.000521 0.613490 0.789702
43.657000000 0.591921 1.333435 0.008768 -0.000415 0.000493 0.612812 0.790229
43.691000000 0.591919 1.333427 0.008763 -0.000423 0.000513 0.612143 0.790747
43.725000000 0.591918 1.333419 0.008757 -0.000419 0.000548 0.611475 0.791264
43.759000000 0.591915 1.333411 0.008756 -0.000421 0.000538 0.610806 0.791780
43.793000000 0.591913 1.333403 0.008758 -0.000436 0.000524 0.610134 0.792298
43.827000000 0.591912 1.333394 0.008761 -0.000405 0.000537 0.609463 0.792814
43.861000000 0.591909 1.333387 0.008762 -0.000400 0.000533 0.608787 0.793334
43.895000000 0.591906 1.333379 0.008755 -0.000431 0.000520 0.608119 0.793846
43.929000000 0.591905 1.333370 0.008755 -0.000427 0.000544 0.607452 0.794356
43.963000000 0.591904 1.333362 0.008750 -0.000402 0.000560 0.606784 0.794866
43.997000000 0.591901 1.333355 0.008761 -0.000411 0.000535 0.606106 0.795384
44.31000000 0.591898 1.333347 0.008760 -0.000420 0.000510 0.605428 0.795900
44.65000000 0.591896 1.333340 0.008759 -0.000419 0.000532 0.604755 0.796412
44.99000000 0.591895 1.333331 0.008757 -0.000388 0.000552 0.604082 0.796922
44.133000000 0.591892 1.333323 0.008756 -0.000411 0.000533 0.603415 0.797427
44.167000000 0.591891 1.333315 0.008758 -0.000428 0.000528 0.602743 0.797935
44.201000000 0.591889 1.333307 0.008747 -0.000414 0.000559 0.602071 0.798442
44.235000000 0.591886 1.333300 0.008751 -0.000410 0.000560 0.601392 0.798954
44.269000000 0.591884 1.333292 0.008755 -0.000433 0.000536 0.600723 0.799457
44.303000000 0.591882 1.333284 0.008757 -0.000418 0.000543 0.600047 0.799964
44.337000000 0.591880 1.333277 0.008758 -0.000391 0.000557 0.599369 0.800472
44.371000000 0.591793 1.332981 0.008752 -0.000424 0.000546 0.599525 0.800356
44.405000000 0.591783 1.332951 0.008752 -0.000434 0.000525 0.599011 0.800740
44.439000000 0.591782 1.332942 0.008754 -0.000407 0.000547 0.598345 0.801238
44.473000000 0.591780 1.332935 0.008755 -0.000398 0.000555 0.597666 0.801745
44.507000000 0.591777 1.332928 0.008756 -0.000434 0.000537 0.596995 0.802245
44.541000000 0.591775 1.332921 0.008749 -0.000433 0.000541 0.596323 0.802744
44.575000000 0.591775 1.332913 0.008759 -0.000387 0.000566 0.595649 0.803245
44.609000000 0.591772 1.332906 0.008764 -0.000383 0.000549 0.594965 0.803751
44.643000000 0.591769 1.332899 0.008753 -0.000438 0.000536 0.594296 0.804246
44.677000000 0.591767 1.332892 0.008744 -0.000430 0.000567 0.593622 0.804743
44.711000000 0.591765 1.332885 0.008739 -0.000405 0.000583 0.592949 0.805240
44.745000000 0.591763 1.332878 0.008752 -0.000421 0.000556 0.592271 0.805738
44.779000000 0.591760 1.332871 0.008754 -0.000434 0.000544 0.591591 0.806238
44.813000000 0.591758 1.332864 0.008746 -0.000405 0.000562 0.590916 0.806733
44.847000000 0.591756 1.332857 0.008756 -0.000409 0.000559 0.590236 0.807230
44.881000000 0.591753 1.332849 0.008743 -0.000441 0.000555 0.589567 0.807719
44.915000000 0.591753 1.332842 0.008749 -0.000424 0.000575 0.588895 0.808209
44.949000000 0.591750 1.332835 0.008749 -0.000397 0.000568 0.588217 0.808703
44.983000000 0.591747 1.332829 0.008755 -0.000414 0.000553 0.587536 0.809198
45.17000000 0.591745 1.332822 0.008749 -0.000433 0.000547 0.586861 0.809687
45.51000000 0.591744 1.332815 0.008754 -0.000403 0.000575 0.586182 0.810179
45.85000000 0.591741 1.332808 0.008748 -0.000403 0.000570 0.585509 0.810666
45.119000000 0.591738 1.332802 0.008751 -0.000442 0.000557 0.584827 0.811158
45.153000000 0.591737 1.332795 0.008748 -0.000418 0.000568 0.584154 0.811642
45.187000000 0.591735 1.332788 0.008746 -0.000387 0.000581 0.583476 0.812130
45.221000000 0.591733 1.332782 0.008751 -0.000424 0.000567 0.582799 0.812616
45.255000000 0.591731 1.332775 0.008744 -0.000444 0.000570 0.582129 0.813096
45.289000000 0.591729 1.332769 0.008748 -0.000398 0.000589 0.581445 0.813585
45.323000000 0.591726 1.332762 0.008751 -0.000415 0.000568 0.580767 0.814070
45.357000000 0.591723 1.332757 0.008748 -0.000446 0.000556 0.580087 0.814554
45.391000000 0.591722 1.332750 0.008740 -0.000423 0.000580 0.579413 0.815034
45.425000000 0.591720 1.332743 0.008749 -0.000407 0.000582 0.578734 0.815516
45.459000000 0.591717 1.332737 0.008745 -0.000427 0.000564 0.578057 0.815996
45.493000000 0.591716 1.332731 0.008750 -0.000419 0.000578 0.577379 0.816476
45.527000000 0.591714 1.332724 0.008742 -0.000391 0.000589 0.576702 0.816954
45.561000000 0.591711 1.332719 0.008747 -0.000419 0.000576 0.576017 0.817438
45.595000000 0.591709 1.332712 0.008736 -0.000454 0.000569 0.575347 0.817909
45.629000000 0.591708 1.332706 0.008739 -0.000425 0.000595 0.574673 0.818383
45.663000000 0.591706 1.332700 0.008749 -0.000381 0.000602 0.573987 0.818864
45.697000000 0.591702 1.332695 0.008742 -0.000425 0.000563 0.573304 0.819343
45.731000000 0.591700 1.332688 0.008736 -0.000457 0.000564 0.572635 0.819810
45.765000000 0.591699 1.332683 0.008738 -0.000421 0.000599 0.571954 0.820285
45.799000000 0.591697 1.332677 0.008736 -0.000398 0.000609 0.571274 0.820759
45.833000000 0.591694 1.332671 0.008745 -0.000442 0.000579 0.570594 0.821232
45.867000000 0.591692 1.332665 0.008739 -0.000448 0.000578 0.569919 0.821701
45.901000000 0.591691 1.332659 0.008740 -0.000399 0.000605 0.569238 0.822173
45.935000000 0.591689 1.332653 0.008738 -0.000396 0.000598 0.568559 0.822642
45.969000000 0.591686 1.332648 0.008746 -0.000435 0.000574 0.567877 0.823113
46.3000000 0.591684 1.332642 0.008737 -0.000435 0.000588 0.567202 0.823579
46.37000000 0.591683 1.332637 0.008742 -0.000407 0.000612 0.566523 0.824046
46.71000000 0.591680 1.332631 0.008740 -0.000417 0.000593 0.565843 0.824513
46.105000000 0.591678 1.332626 0.008743 -0.000440 0.000573 0.565162 0.824980
46.139000000 0.591676 1.332620 0.008741 -0.000423 0.000589 0.564481 0.825446
46.173000000 0.591674 1.332615 0.008736 -0.000414 0.000606 0.563801 0.825910
46.207000000 0.591672 1.332610 0.008734 -0.000431 0.000592 0.563120 0.826375
46.241000000 0.591670 1.332604 0.008736 -0.000439 0.000590 0.562442 0.826837
46.275000000 0.591668 1.332599 0.008736 -0.000414 0.000615 0.561761 0.827299
46.309000000 0.591667 1.332593 0.008742 -0.000412 0.000611 0.561082 0.827760
46.343000000 0.591664 1.332588 0.008735 -0.000435 0.000586 0.560400 0.828221
46.377000000 0.591662 1.332583 0.008737 -0.000435 0.000591 0.559722 0.828680
46.411000000 0.591660 1.332578 0.008738 -0.000405 0.000617 0.559038 0.829142
46.445000000 0.591658 1.332573 0.008739 -0.000412 0.000607 0.558357 0.829600
46.479000000 0.591655 1.332568 0.008737 -0.000445 0.000593 0.557677 0.830058
46.513000000 0.591654 1.332563 0.008733 -0.000426 0.000605 0.557000 0.830512
46.547000000 0.591653 1.332558 0.008735 -0.000395 0.000614 0.556316 0.830970
46.581000000 0.591650 1.332553 0.008735 -0.000418 0.000594 0.555633 0.831427
46.615000000 0.591648 1.332548 0.008736 -0.000439 0.000593 0.554952 0.831882
46.649000000 0.591647 1.332543 0.008741 -0.000409 0.000617 0.554270 0.832336
46.683000000 0.591644 1.332538 0.008733 -0.000405 0.000610 0.553591 0.832789
46.717000000 0.591642 1.332534 0.008739 -0.000436 0.000595 0.552906 0.833243
46.751000000 0.591640 1.332529 0.008734 -0.000428 0.000604 0.552227 0.833694
46.785000000 0.591639 1.332524 0.008740 -0.000393 0.000621 0.551542 0.834147
46.819000000 0.591636 1.332519 0.008736 -0.000414 0.000606 0.550862 0.834596
46.853000000 0.591634 1.332515 0.008734 -0.000441 0.000605 0.550180 0.835046
46.887000000 0.591633 1.332510 0.008736 -0.000403 0.000627 0.549498 0.835495
46.921000000 0.591631 1.332505 0.008733 -0.000391 0.000621 0.548815 0.835944
46.955000000 0.591628 1.332501 0.008739 -0.000435 0.000596 0.548129 0.836393
46.989000000 0.591626 1.332496 0.008735 -0.000426 0.000605 0.547449 0.836839
47.23000000 0.591625 1.332491 0.008733 -0.000389 0.000621 0.546765 0.837286
47.57000000 0.591623 1.332487 0.008732 -0.000405 0.000615 0.546084 0.837730
47.91000000 0.591621 1.332483 0.008736 -0.000432 0.000606 0.545401 0.838175
47.125000000 0.591619 1.332478 0.008730 -0.000403 0.000623 0.544718 0.838619
47.159000000 0.591618 1.332474 0.008731 -0.000396 0.000622 0.544034 0.839063
47.193000000 0.591615 1.332470 0.008738 -0.000427 0.000605 0.543348 0.839507
47.227000000 0.591613 1.332466 0.008733 -0.000428 0.000608 0.542668 0.839947
47.261000000 0.591612 1.332461 0.008734 -0.000386 0.000627 0.541983 0.840389
47.295000000 0.591610 1.332457 0.008732 -0.000403 0.000617 0.541300 0.840829
47.329000000 0.591608 1.332453 0.008734 -0.000426 0.000615 0.540615 0.841270
47.363000000 0.591607 1.332448 0.008729 -0.000389 0.000632 0.539933 0.841708
47.397000000 0.591604 1.332445 0.008732 -0.000399 0.000618 0.539247 0.842147
47.431000000 0.591602 1.332441 0.008735 -0.000429 0.000608 0.538563 0.842585
47.465000000 0.591601 1.332436 0.008735 -0.000389 0.000628 0.537877 0.843023
47.499000000 0.591599 1.332433 0.008737 -0.000391 0.000624 0.537192 0.843460
47.533000000 0.591597 1.332429 0.008736 -0.000424 0.000611 0.536510 0.843894
47.567000000 0.591595 1.332425 0.008734 -0.000399 0.000630 0.535824 0.844329
47.601000000 0.591593 1.332421 0.008738 -0.000383 0.000629 0.535137 0.844765
47.635000000 0.591591 1.332417 0.008739 -0.000418 0.000607 0.534453 0.845198
47.669000000 0.591589 1.332413 0.008733 -0.000414 0.000616 0.533769 0.845630
47.703000000 0.591588 1.332409 0.008733 -0.000383 0.000633 0.533083 0.846063
47.737000000 0.591586 1.332406 0.008734 -0.000400 0.000623 0.532397 0.846495
47.771000000 0.591584 1.332402 0.008737 -0.000423 0.000613 0.531713 0.846924
47.805000000 0.591583 1.332398 0.008734 -0.000394 0.000634 0.531028 0.847354
47.839000000 0.591581 1.332394 0.008733 -0.000374 0.000637 0.530341 0.847784
47.873000000 0.591579 1.332391 0.008736 -0.000415 0.000613 0.529654 0.848213
47.907000000 0.591577 1.332387 0.008733 -0.000422 0.000616 0.528971 0.848639
47.941000000 0.591576 1.332383 0.008741 -0.000368 0.000641 0.528283 0.849068
47.975000000 0.591574 1.332380 0.008738 -0.000396 0.000622 0.527596 0.849495
48.9000000 0.591572 1.332377 0.008732 -0.000433 0.000610 0.526913 0.849919
48.43000000 0.591571 1.332373 0.008738 -0.000386 0.000633 0.526225 0.850345
48.77000000 0.591569 1.332369 0.008736 -0.000375 0.000633 0.525537 0.850770
48.111000000 0.591566 1.332366 0.008735 -0.000430 0.000606 0.524852 0.851193
48.145000000 0.591565 1.332363 0.008734 -0.000411 0.000616 0.524166 0.851616
48.179000000 0.591564 1.332359 0.008740 -0.000372 0.000638 0.523477 0.852039
48.213000000 0.591562 1.332356 0.008740 -0.000397 0.000628 0.522790 0.852461
48.247000000 0.591560 1.332353 0.008735 -0.000418 0.000621 0.522105 0.852881
48.281000000 0.591559 1.332349 0.008734 -0.000372 0.000642 0.521420 0.853300
48.315000000 0.591557 1.332346 0.008733 -0.000374 0.000635 0.520730 0.853721
48.349000000 0.591555 1.332343 0.008737 -0.000422 0.000613 0.520043 0.854140
48.383000000 0.591554 1.332340 0.008733 -0.000406 0.000628 0.519358 0.854557
48.417000000 0.591553 1.332336 0.008739 -0.000360 0.000642 0.518669 0.854975
48.451000000 0.591550 1.332334 0.008736 -0.000411 0.000616 0.517979 0.855393
48.485000000 0.591549 1.332331 0.008738 -0.000399 0.000621 0.517293 0.855808
48.519000000 0.591548 1.332327 0.008731 -0.000357 0.000648 0.516608 0.856222
48.553000000 0.591546 1.332325 0.008733 -0.000407 0.000626 0.515920 0.856637
48.587000000 0.591544 1.332322 0.008733 -0.000428 0.000625 0.515232 0.857050
48.621000000 0.591544 1.332318 0.008734 -0.000370 0.000652 0.514544 0.857463
48.655000000 0.591541 1.332316 0.008738 -0.000374 0.000638 0.513854 0.857877
48.689000000 0.591539 1.332313 0.008734 -0.000416 0.000621 0.513167 0.858288
48.723000000 0.591539 1.332310 0.008733 -0.000381 0.000645 0.512481 0.858698
48.757000000 0.591537 1.332307 0.008733 -0.000361 0.000650 0.511791 0.859109
48.791000000 0.591535 1.332305 0.008734 -0.000414 0.000617 0.511103 0.859519
48.825000000 0.591534 1.332302 0.008737 -0.000398 0.000626 0.510415 0.859928
48.859000000 0.591533 1.332299 0.008731 -0.000350 0.000656 0.509727 0.860336
48.893000000 0.591531 1.332297 0.008733 -0.000396 0.000631 0.509039 0.860743
48.927000000 0.591529 1.332294 0.008732 -0.000426 0.000625 0.508350 0.861150
48.961000000 0.591529 1.332291 0.008730 -0.000373 0.000655 0.507664 0.861555
48.995000000 0.591527 1.332288 0.008732 -0.000357 0.000656 0.506975 0.861961
49.29000000 0.591525 1.332287 0.008736 -0.000411 0.000625 0.506284 0.862367
49.63000000 0.591524 1.332284 0.008732 -0.000403 0.000635 0.505597 0.862770
49.97000000 0.591523 1.332281 0.008731 -0.000346 0.000661 0.504908 0.863173
49.131000000 0.591521 1.332279 0.008732 -0.000381 0.000639 0.504219 0.863576
49.165000000 0.591519 1.332277 0.008731 -0.000418 0.000632 0.503529 0.863978
49.199000000 0.591519 1.332274 0.008732 -0.000373 0.000660 0.502842 0.864378
49.233000000 0.591518 1.332272 0.008734 -0.000353 0.000661 0.502151 0.864780
49.267000000 0.591515 1.332270 0.008728 -0.000409 0.000625 0.501463 0.865179
49.301000000 0.591514 1.332268 0.008730 -0.000400 0.000634 0.500775 0.865577
49.335000000 0.591514 1.332265 0.008735 -0.000351 0.000663 0.500083 0.865977
49.369000000 0.591512 1.332263 0.008733 -0.000378 0.000650 0.499395 0.866374
49.403000000 0.591510 1.332261 0.008732 -0.000407 0.000635 0.498706 0.866771
49.437000000 0.591510 1.332259 0.008731 -0.000361 0.000657 0.498018 0.867167
49.471000000 0.591509 1.332256 0.008729 -0.000351 0.000661 0.497328 0.867562
49.505000000 0.591507 1.332255 0.008727 -0.000403 0.000637 0.496636 0.867959
49.539000000 0.591506 1.332253 0.008729 -0.000387 0.000647 0.495949 0.868352
49.573000000 0.591506 1.332250 0.008727 -0.000344 0.000669 0.495258 0.868746
49.607000000 0.591504 1.332249 0.008727 -0.000386 0.000647 0.494567 0.869139
49.641000000 0.591502 1.332247 0.008728 -0.000402 0.000635 0.493879 0.869530
49.675000000 0.591502 1.332244 0.008732 -0.000347 0.000667 0.493188 0.869922
49.709000000 0.591500 1.332243 0.008732 -0.000357 0.000661 0.492496 0.870314
49.743000000 0.591498 1.332242 0.008730 -0.000413 0.000641 0.491807 0.870704
49.777000000 0.591498 1.332239 0.008732 -0.000376 0.000666 0.491117 0.871093
49.811000000 0.591498 1.332237 0.008731 -0.000338 0.000673 0.490426 0.871483
49.845000000 0.591495 1.332236 0.008732 -0.000386 0.000643 0.489734 0.871871
49.879000000 0.591495 1.332234 0.008729 -0.000382 0.000656 0.489046 0.872258
49.913000000 0.591494 1.332232 0.008727 -0.000334 0.000680 0.488355 0.872645
49.947000000 0.591492 1.332231 0.008726 -0.000370 0.000652 0.487662 0.873032
49.981000000 0.591491 1.332229 0.008731 -0.000393 0.000645 0.486972 0.873417
50.15000000 0.591491 1.332227 0.008728 -0.000343 0.000675 0.486279 0.873803
50.49000000 0.591490 1.332226 0.008728 -0.000354 0.000674 0.485590 0.874186
50.83000000 0.591488 1.332225 0.008726 -0.000399 0.000645 0.484898 0.874570
50.117000000 0.591488 1.332223 0.008731 -0.000352 0.000661 0.484205 0.874954
50.151000000 0.591487 1.332221 0.008730 -0.000343 0.000672 0.483514 0.875336
50.185000000 0.591485 1.332220 0.008731 -0.000391 0.000651 0.482822 0.875718
50.219000000 0.591484 1.332218 0.008728 -0.000372 0.000662 0.482131 0.876099
50.253000000 0.591484 1.332216 0.008730 -0.000335 0.000676 0.481439 0.876479
50.287000000 0.591482 1.332215 0.008734 -0.000375 0.000655 0.480745 0.876860
50.321000000 0.591482 1.332214 0.008729 -0.000373 0.000664 0.480054 0.877238
50.355000000 0.591482 1.332212 0.008726 -0.000325 0.000688 0.479362 0.877617
50.389000000 0.591480 1.332211 0.008731 -0.000356 0.000660 0.478669 0.877995
50.423000000 0.591478 1.332210 0.008728 -0.000392 0.000643 0.477977 0.878372
50.457000000 0.591478 1.332208 0.008733 -0.000336 0.000676 0.477283 0.878749
50.491000000 0.591478 1.332207 0.008729 -0.000324 0.000675 0.476591 0.879125
50.525000000 0.591476 1.332206 0.008729 -0.000381 0.000648 0.475896 0.879501
50.559000000 0.591475 1.332205 0.008728 -0.000365 0.000669 0.475205 0.879875
50.593000000 0.591475 1.332203 0.008727 -0.000320 0.000687 0.474512 0.880249
50.627000000 0.591473 1.332202 0.008731 -0.000354 0.000662 0.473817 0.880623
50.661000000 0.591472 1.332201 0.008734 -0.000376 0.000657 0.473123 0.880996
50.695000000 0.591472 1.332200 0.008734 -0.000350 0.000674 0.472429 0.881368
50.729000000 0.591471 1.332198 0.008731 -0.000337 0.000679 0.471736 0.881740
50.763000000 0.591470 1.332198 0.008725 -0.000371 0.000662 0.471041 0.882111
50.797000000 0.591469 1.332197 0.008731 -0.000361 0.000666 0.470347 0.882481
50.831000000 0.591469 1.332195 0.008732 -0.000331 0.000680 0.469653 0.882851
50.865000000 0.591468 1.332194 0.008725 -0.000360 0.000669 0.468959 0.883220
50.899000000 0.591467 1.332193 0.008726 -0.000365 0.000664 0.468264 0.883588
50.933000000 0.591467 1.332192 0.008724 -0.000329 0.000680 0.467569 0.883956
50.967000000 0.591466 1.332191 0.008727 -0.000342 0.000678 0.466875 0.884323
51.1000000 0.591465 1.332190 0.008726 -0.000367 0.000662 0.466179 0.884690
51.35000000 0.591464 1.332189 0.008726 -0.000339 0.000674 0.465484 0.885056
51.69000000 0.591464 1.332188 0.008732 -0.000328 0.000681 0.464789 0.885421
51.103000000 0.591462 1.332188 0.008733 -0.000365 0.000667 0.464093 0.885786
51.137000000 0.591462 1.332186 0.008732 -0.000351 0.000673 0.463398 0.886150
51.171000000 0.591462 1.332185 0.008729 -0.000319 0.000685 0.462702 0.886514
51.205000000 0.591461 1.332185 0.008729 -0.000344 0.000675 0.462006 0.886876
51.239000000 0.591460 1.332184 0.008730 -0.000362 0.000667 0.461310 0.887239
51.273000000 0.591459 1.332183 0.008727 -0.000334 0.000681 0.460614 0.887600
51.307000000 0.591459 1.332182 0.008729 -0.000328 0.000685 0.459918 0.887961
51.341000000 0.591458 1.332181 0.008727 -0.000361 0.000667 0.459222 0.888321
51.375000000 0.591457 1.332180 0.008730 -0.000341 0.000675 0.458525 0.888681
51.409000000 0.591457 1.332179 0.008731 -0.000321 0.000687 0.457828 0.889040
51.443000000 0.591456 1.332179 0.008735 -0.000355 0.000672 0.457131 0.889399
51.477000000 0.591455 1.332178 0.008730 -0.000347 0.000674 0.456435 0.889757
51.511000000 0.591455 1.332177 0.008726 -0.000317 0.000687 0.455738 0.890114
51.545000000 0.591454 1.332177 0.008727 -0.000340 0.000681 0.455040 0.890471
51.579000000 0.591453 1.332176 0.008728 -0.000359 0.000669 0.454343 0.890826
51.613000000 0.591453 1.332175 0.008729 -0.000321 0.000686 0.453646 0.891182
51.647000000 0.591453 1.332174 0.008727 -0.000326 0.000682 0.452948 0.891537
51.681000000 0.591452 1.332174 0.008723 -0.000353 0.000669 0.452250 0.891891
51.715000000 0.591451 1.332173 0.008730 -0.000333 0.000681 0.451552 0.892244
51.749000000 0.591451 1.332172 0.008726 -0.000312 0.000691 0.450855 0.892597
51.783000000 0.591450 1.332172 0.008725 -0.000347 0.000673 0.450156 0.892950
51.817000000 0.591449 1.332172 0.008730 -0.000352 0.000673 0.449458 0.893301
51.851000000 0.591450 1.332171 0.008732 -0.000316 0.000693 0.448760 0.893652
51.885000000 0.591449 1.332170 0.008729 -0.000319 0.000684 0.448061 0.894003
51.919000000 0.591448 1.332170 0.008730 -0.000348 0.000673 0.447363 0.894352
51.953000000 0.591448 1.332169 0.008727 -0.000330 0.000685 0.446664 0.894702
51.987000000 0.591448 1.332169 0.008731 -0.000319 0.000690 0.445965 0.895050
52.21000000 0.591446 1.332169 0.008732 -0.000353 0.000675 0.445266 0.895398
52.55000000 0.591446 1.332168 0.008735 -0.000335 0.000680 0.444567 0.895745
52.89000000 0.591446 1.332167 0.008730 -0.000311 0.000694 0.443868 0.896092
52.123000000 0.591445 1.332167 0.008731 -0.000347 0.000677 0.443169 0.896438
52.157000000 0.591445 1.332167 0.008734 -0.000338 0.000681 0.442469 0.896784
52.191000000 0.591445 1.332166 0.008727 -0.000300 0.000695 0.441769 0.897128
52.225000000 0.591444 1.332166 0.008727 -0.000321 0.000688 0.441070 0.897472
52.259000000 0.591443 1.332166 0.008728 -0.000351 0.000672 0.440370 0.897816
52.293000000 0.591444 1.332165 0.008728 -0.000316 0.000691 0.439670 0.898159
52.327000000 0.591444 1.332164 0.008729 -0.000302 0.000697 0.438970 0.898502
52.361000000 0.591442 1.332165 0.008728 -0.000339 0.000677 0.438270 0.898843
52.395000000 0.591442 1.332164 0.008731 -0.000329 0.000685 0.437569 0.899184
52.429000000 0.591442 1.332164 0.008732 -0.000305 0.000695 0.436869 0.899525
52.463000000 0.591442 1.332164 0.008724 -0.000336 0.000682 0.436168 0.899865
52.497000000 0.591441 1.332163 0.008724 -0.000337 0.000679 0.435468 0.900204
52.531000000 0.591441 1.332163 0.008734 -0.000301 0.000695 0.434766 0.900543
52.565000000 0.591441 1.332163 0.008728 -0.000314 0.000688 0.434066 0.900881
52.599000000 0.591440 1.332163 0.008723 -0.000340 0.000678 0.433365 0.901218
52.633000000 0.591440 1.332162 0.008728 -0.000314 0.000692 0.432663 0.901555
52.667000000 0.591440 1.332162 0.008730 -0.000299 0.000700 0.431962 0.901891
52.701000000 0.591439 1.332162 0.008732 -0.000341 0.000681 0.431261 0.902227
52.735000000 0.591439 1.332162 0.008733 -0.000330 0.000683 0.430559 0.902562
52.769000000 0.591440 1.332161 0.008726 -0.000297 0.000695 0.429858 0.902896
52.803000000 0.591439 1.332162 0.008725 -0.000324 0.000685 0.429156 0.903230
52.837000000 0.591439 1.332162 0.008724 -0.000333 0.000682 0.428454 0.903563
52.871000000 0.591439 1.332161 0.008727 -0.000303 0.000697 0.427752 0.903896
52.905000000 0.591439 1.332161 0.008732 -0.000300 0.000694 0.427050 0.904228
52.939000000 0.591438 1.332161 0.008725 -0.000337 0.000678 0.426347 0.904559
52.973000000 0.591438 1.332161 0.008726 -0.000315 0.000692 0.425645 0.904890
53.7000000 0.591438 1.332161 0.008731 -0.000293 0.000703 0.424942 0.905220
53.41000000 0.591437 1.332161 0.008724 -0.000330 0.000684 0.424240 0.905550
53.75000000 0.591437 1.332161 0.008728 -0.000329 0.000681 0.423537 0.905879
53.109000000 0.591438 1.332161 0.008726 -0.000293 0.000699 0.422834 0.906207
53.143000000 0.591437 1.332161 0.008731 -0.000318 0.000689 0.422131 0.906535
53.177000000 0.591437 1.332161 0.008730 -0.000331 0.000684 0.421428 0.906862
53.211000000 0.591437 1.332161 0.008731 -0.000296 0.000700 0.420725 0.907188
53.245000000 0.591437 1.332161 0.008727 -0.000304 0.000699 0.420021 0.907514
53.279000000 0.591436 1.332161 0.008730 -0.000337 0.000682 0.419318 0.907839
53.313000000 0.591437 1.332161 0.008733 -0.000304 0.000694 0.418614 0.908164
53.347000000 0.591437 1.332161 0.008730 -0.000290 0.000699 0.417910 0.908488
53.381000000 0.591436 1.332162 0.008728 -0.000325 0.000686 0.417206 0.908811
53.415000000 0.591437 1.332161 0.008725 -0.000312 0.000691 0.416503 0.909134
53.449000000 0.591437 1.332161 0.008730 -0.000285 0.000704 0.415798 0.909456
53.483000000 0.591436 1.332162 0.008728 -0.000316 0.000688 0.415094 0.909778
53.517000000 0.591436 1.332162 0.008727 -0.000321 0.000685 0.414390 0.910099
53.551000000 0.591437 1.332162 0.008725 -0.000290 0.000700 0.413685 0.910420
53.585000000 0.591437 1.332162 0.008727 -0.000302 0.000699 0.412981 0.910739
53.619000000 0.591436 1.332163 0.008725 -0.000327 0.000684 0.412276 0.911059
53.653000000 0.591437 1.332162 0.008728 -0.000294 0.000698 0.411571 0.911377
53.687000000 0.591437 1.332162 0.008730 -0.000286 0.000701 0.410866 0.911695
53.721000000 0.591436 1.332163 0.008728 -0.000322 0.000685 0.410161 0.912013
53.755000000 0.591437 1.332163 0.008728 -0.000307 0.000693 0.409456 0.912329
53.789000000 0.591437 1.332163 0.008727 -0.000281 0.000707 0.408751 0.912646
53.823000000 0.591437 1.332164 0.008732 -0.000308 0.000694 0.408045 0.912961
53.857000000 0.591437 1.332164 0.008732 -0.000323 0.000686 0.407340 0.913276
53.891000000 0.591437 1.332164 0.008731 -0.000290 0.000702 0.406634 0.913591
53.925000000 0.591438 1.332164 0.008728 -0.000282 0.000710 0.405928 0.913905
53.959000000 0.591437 1.332165 0.008732 -0.000328 0.000688 0.405223 0.914218
53.993000000 0.591437 1.332165 0.008727 -0.000309 0.000690 0.404517 0.914530
54.27000000 0.591438 1.332165 0.008732 -0.000274 0.000707 0.403811 0.914842
54.61000000 0.591438 1.332166 0.008727 -0.000308 0.000696 0.403104 0.915154
54.95000000 0.591438 1.332166 0.008726 -0.000314 0.000691 0.402398 0.915465
54.129000000 0.591438 1.332166 0.008733 -0.000277 0.000706 0.401691 0.915775
54.163000000 0.591438 1.332167 0.008728 -0.000291 0.000699 0.400985 0.916084
54.197000000 0.591438 1.332167 0.008729 -0.000317 0.000690 0.400279 0.916393
54.231000000 0.591439 1.332167 0.008731 -0.000288 0.000704 0.399572 0.916702
54.265000000 0.591439 1.332168 0.008727 -0.000288 0.000707 0.398865 0.917009
54.299000000 0.591439 1.332169 0.008732 -0.000321 0.000689 0.398158 0.917317
54.333000000 0.591439 1.332169 0.008732 -0.000290 0.000700 0.397451 0.917623
54.367000000 0.591440 1.332169 0.008730 -0.000273 0.000707 0.396743 0.917929
54.401000000 0.591440 1.332170 0.008731 -0.000311 0.000693 0.396036 0.918235
54.435000000 0.591440 1.332170 0.008733 -0.000300 0.000698 0.395329 0.918539
54.469000000 0.591441 1.332170 0.008727 -0.000268 0.000710 0.394621 0.918844
54.503000000 0.591441 1.332171 0.008727 -0.000295 0.000703 0.393914 0.919147
54.537000000 0.591441 1.332172 0.008725 -0.000319 0.000689 0.393206 0.919450
54.571000000 0.591442 1.332172 0.008725 -0.000273 0.000706 0.392498 0.919752
54.605000000 0.591442 1.332172 0.008727 -0.000269 0.000709 0.391790 0.920054
54.639000000 0.591442 1.332173 0.008732 -0.000308 0.000691 0.391082 0.920355
54.673000000 0.591442 1.332174 0.008734 -0.000292 0.000702 0.390374 0.920656
54.707000000 0.591443 1.332174 0.008729 -0.000268 0.000715 0.389666 0.920956
54.741000000 0.591443 1.332175 0.008722 -0.000307 0.000696 0.388957 0.921256
54.775000000 0.591443 1.332175 0.008731 -0.000302 0.000695 0.388249 0.921554
54.809000000 0.591444 1.332176 0.008734 -0.000264 0.000711 0.387540 0.921852
54.843000000 0.591444 1.332176 0.008730 -0.000278 0.000703 0.386831 0.922150
54.877000000 0.591444 1.332177 0.008733 -0.000311 0.000693 0.386123 0.922447
54.911000000 0.591445 1.332178 0.008733 -0.000284 0.000706 0.385414 0.922743
54.945000000 0.591446 1.332178 0.008726 -0.000259 0.000709 0.384705 0.923039
54.979000000 0.591446 1.332179 0.008734 -0.000295 0.000696 0.383996 0.923334
55.13000000 0.591446 1.332180 0.008733 -0.000294 0.000702 0.383287 0.923629
55.47000000 0.591447 1.332180 0.008729 -0.000267 0.000710 0.382578 0.923923
55.81000000 0.591447 1.332181 0.008730 -0.000284 0.000702 0.381868 0.924216
55.115000000 0.591448 1.332182 0.008729 -0.000289 0.000700 0.381159 0.924509
55.149000000 0.591449 1.332182 0.008726 -0.000270 0.000709 0.380450 0.924801
55.183000000 0.591449 1.332183 0.008727 -0.000272 0.000710 0.379740 0.925093
55.217000000 0.591449 1.332184 0.008728 -0.000283 0.000703 0.379030 0.925384
55.251000000 0.591450 1.332184 0.008735 -0.000275 0.000708 0.378320 0.925674
55.285000000 0.591451 1.332185 0.008730 -0.000269 0.000709 0.377610 0.925964
55.319000000 0.591451 1.332186 0.008730 -0.000280 0.000705 0.376901 0.926253
55.353000000 0.591452 1.332186 0.008732 -0.000272 0.000708 0.376190 0.926542
55.387000000 0.591453 1.332187 0.008729 -0.000265 0.000710 0.375480 0.926830
55.421000000 0.591453 1.332188 0.008725 -0.000266 0.000710 0.374770 0.927117
55.455000000 0.591454 1.332188 0.008723 -0.000271 0.000708 0.374061 0.927404
55.489000000 0.591454 1.332189 0.008730 -0.000267 0.000710 0.373350 0.927690
55.523000000 0.591455 1.332190 0.008733 -0.000265 0.000711 0.372639 0.927976
55.557000000 0.591456 1.332191 0.008732 -0.000271 0.000711 0.371929 0.928261
55.591000000 0.591456 1.332192 0.008735 -0.000269 0.000710 0.371221 0.928544
55.625000000 0.591457 1.332192 0.008727 -0.000261 0.000710 0.370511 0.928828
55.659000000 0.591458 1.332193 0.008726 -0.000260 0.000712 0.369799 0.929111
55.693000000 0.591459 1.332194 0.008727 -0.000266 0.000712 0.369089 0.929394
55.727000000 0.591459 1.332195 0.008732 -0.000267 0.000711 0.368379 0.929675
55.761000000 0.591460 1.332196 0.008730 -0.000265 0.000710 0.367669 0.929957
55.795000000 0.591461 1.332197 0.008731 -0.000262 0.000713 0.366958 0.930237
55.829000000 0.591462 1.332198 0.008725 -0.000272 0.000709 0.366247 0.930517
55.863000000 0.591463 1.332199 0.008725 -0.000269 0.000709 0.365537 0.930797
55.897000000 0.591464 1.332200 0.008729 -0.000258 0.000712 0.364826 0.931075
55.931000000 0.591464 1.332201 0.008730 -0.000264 0.000712 0.364114 0.931354
55.965000000 0.591465 1.332202 0.008728 -0.000274 0.000708 0.363406 0.931630
55.999000000 0.591466 1.332203 0.008728 -0.000260 0.000714 0.362694 0.931908
56.33000000 0.591467 1.332204 0.008730 -0.000260 0.000713 0.361981 0.932185
56.67000000 0.591468 1.332205 0.008728 -0.000268 0.000710 0.361272 0.932460
56.101000000 0.591469 1.332206 0.008734 -0.000260 0.000713 0.360565 0.932734
56.135000000 0.591470 1.332207 0.008732 -0.000253 0.000714 0.359851 0.933009
56.169000000 0.591471 1.332208 0.008730 -0.000257 0.000713 0.359141 0.933283
56.203000000 0.591472 1.332209 0.008730 -0.000259 0.000713 0.358431 0.933556
56.237000000 0.591473 1.332210 0.008730 -0.000257 0.000713 0.357720 0.933829
56.271000000 0.591474 1.332211 0.008732 -0.000255 0.000714 0.357010 0.934100
56.305000000 0.591475 1.332212 0.008732 -0.000256 0.000714 0.356301 0.934371
56.339000000 0.591476 1.332213 0.008734 -0.000257 0.000714 0.355589 0.934642
56.373000000 0.591477 1.332214 0.008733 -0.000256 0.000714 0.354880 0.934911
56.407000000 0.591478 1.332216 0.008733 -0.000254 0.000716 0.354164 0.935183
56.441000000 0.591479 1.332217 0.008731 -0.000254 0.000716 0.353453 0.935452
